,age,height_cm,weight_kg,nationality,overall,value_eur,wage_eur,preferred_foot,international_reputation,team_position,pace,shooting,dribbling,defending,physic,skill_moves
0,32,170,72,Argentina,94,95500000,565000,Left,5,RW,87,92,96,39,66,4
1,34,187,83,Portugal,93,58500000,405000,Right,5,LW,90,93,89,35,78,5
2,27,175,68,Brazil,92,105500000,290000,Right,5,CAM,91,85,95,32,58,5
4,28,175,74,Belgium,91,90000000,470000,Right,4,LW,91,83,94,35,66,4
5,28,181,70,Belgium,91,90000000,370000,Right,4,RCM,76,86,86,61,78,4
10,20,178,73,France,89,93500000,155000,Right,3,RW,96,84,90,39,75,5
12,25,188,89,England,89,83000000,220000,Right,3,ST,70,91,81,47,83,3
15,28,168,72,France,89,66000000,235000,Right,3,RCM,78,65,81,87,83,2
17,31,173,70,Argentina,89,60000000,300000,Right,4,ST,80,90,88,33,74,4
18,33,184,82,Spain,89,31500000,300000,Right,4,LCB,72,68,73,87,85,3
21,30,189,76,Spain,89,55000000,300000,Right,4,CDM,42,62,80,85,80,3
22,28,176,73,France,89,69000000,370000,Left,4,LW,81,86,89,57,72,4
23,25,177,75,Argentina,88,76500000,215000,Left,3,RW,83,82,90,43,64,4
24,26,191,84,France,88,72500000,250000,Right,4,LDM,74,81,85,66,86,5
26,24,170,69,England,88,73000000,255000,Right,3,LW,93,79,89,45,57,4
29,32,194,85,Spain,88,38000000,285000,Right,4,RCB,56,61,68,88,80,2
33,33,173,67,Spain,88,36000000,265000,Left,4,LCM,65,74,89,52,57,4
40,25,189,85,France,87,56500000,195000,Left,2,LCB,64,50,68,88,82,2
41,24,173,64,Portugal,87,64000000,210000,Left,2,RW,81,76,92,51,67,4
42,27,185,84,Brazil,87,53500000,240000,Right,3,CDM,62,72,72,85,89,2
44,34,179,67,Brazil,87,19500000,200000,Right,3,CDM,66,74,78,84,79,3
45,34,183,82,Brazil,87,18500000,135000,Right,4,LCB,62,54,72,87,78,2
46,31,185,81,France,87,45000000,285000,Right,4,CF,76,82,86,39,77,4
47,32,189,86,Belgium,87,32500000,155000,Left,3,LCB,63,63,72,87,79,3
48,32,169,61,Belgium,87,40000000,135000,Right,3,SUB,88,83,91,35,53,4
50,30,186,81,Belgium,87,41000000,155000,Right,3,RCB,64,55,66,88,79,2
52,28,174,70,Spain,87,50000000,180000,Right,3,CDM,69,74,90,69,63,5
56,25,183,75,Brazil,86,51500000,120000,Right,3,RCB,74,41,70,86,77,3
62,27,176,79,Spain,86,51000000,245000,Right,3,SUB,71,77,91,59,60,4
63,27,181,76,Brazil,86,52000000,170000,Right,3,CF,77,82,87,61,78,4
66,31,180,69,Argentina,86,39000000,150000,Left,4,LW,84,79,87,48,68,5
69,30,182,74,Spain,86,41000000,69000,Right,2,RCM,41,80,79,70,69,3
72,28,175,73,France,86,46000000,165000,Right,3,ST,82,85,86,40,74,4
80,24,184,77,Spain,85,49500000,77000,Left,3,LCM,70,78,81,78,78,3
81,25,188,78,Brazil,85,45000000,125000,Right,3,CDM,68,69,77,85,83,3
84,24,186,81,France,85,45000000,175000,Left,2,LCB,75,45,65,86,80,2
85,24,179,69,Portugal,85,49000000,24000,Right,2,RCM,77,83,85,65,74,4
89,26,190,94,Belgium,85,46000000,115000,Left,3,LS,75,82,72,35,84,3
93,26,181,75,Argentina,85,46000000,115000,Right,3,RES,75,84,77,36,69,3
97,31,165,68,Argentina,85,34000000,92000,Right,3,CAM,89,78,86,39,55,4
98,31,186,89,Argentina,85,34500000,175000,Right,4,SUB,63,85,80,31,71,3
99,32,180,75,France,85,25000000,145000,Left,3,SUB,75,66,78,83,81,2
101,31,174,75,Brazil,85,28000000,205000,Left,4,LB,81,74,89,77,79,5
102,30,186,81,Belgium,85,31500000,110000,Right,3,LDM,73,74,79,83,81,4
103,28,180,80,Brazil,85,33000000,155000,Left,3,LB,83,65,80,82,82,3
104,31,176,67,Spain,85,34500000,49000,Left,2,RS,78,84,85,35,64,3
105,27,176,74,Spain,85,40500000,88000,Right,3,RM,68,75,82,74,79,3
107,28,175,74,Brazil,85,38000000,110000,Right,2,RCM,75,71,84,85,84,4
108,19,180,76,England,84,44500000,61000,Right,2,RM,88,72,90,36,60,5
110,22,178,67,France,84,42500000,195000,Left,3,SUB,93,79,87,36,57,5
112,25,182,74,Portugal,84,36500000,150000,Right,2,SUB,90,65,84,78,71,4
113,23,188,80,England,84,41500000,115000,Right,3,CAM,72,81,82,71,79,4
114,23,182,76,France,84,37500000,110000,Left,3,LCB,81,54,71,83,82,2
115,22,171,73,Brazil,84,41000000,180000,Right,2,SUB,69,71,86,73,70,4
119,23,179,75,France,84,40500000,120000,Right,2,LW,92,76,87,29,60,4
121,25,173,75,France,84,39000000,40000,Left,3,RM,78,82,88,33,77,4
123,26,183,74,Spain,84,37500000,78000,Right,2,CM,71,76,85,49,59,4
124,26,181,71,Brazil,84,33000000,23000,Left,3,LB,85,72,81,80,76,3
127,26,175,70,Brazil,84,36500000,125000,Right,3,RM,89,77,89,55,61,4
128,36,188,81,Portugal,84,6500000,16000,Right,4,RCB,67,51,60,85,85,2
129,32,170,61,Portugal,84,23500000,125000,Right,3,LCM,56,75,82,71,67,3
134,32,179,78,Brazil,84,20500000,71000,Right,3,LDM,62,66,78,83,73,3
136,30,192,86,Spain,84,25500000,125000,Right,3,SUB,48,55,63,86,83,2
144,29,178,76,Spain,84,25500000,145000,Right,3,RB,70,55,73,85,76,2
145,32,178,73,Spain,84,24000000,96000,Right,3,RM,89,78,83,47,64,3
147,30,183,80,Brazil,84,29000000,43000,Right,3,LCM,72,81,80,78,85,4
148,29,183,70,England,84,25500000,165000,Right,3,RB,91,63,77,81,81,2
149,28,176,65,Spain,84,31500000,44000,Left,2,RCM,78,79,81,51,66,4
150,28,172,70,Brazil,84,31500000,155000,Left,3,SUB,94,73,91,43,61,5
151,29,177,72,Portugal,84,30500000,26000,Right,3,RM,77,77,81,63,68,3
156,30,190,83,Brazil,84,25000000,74000,Right,3,LCB,64,41,60,84,87,2
157,23,189,70,Spain,83,36000000,76000,Left,1,LCM,65,78,83,74,69,4
160,20,180,69,England,83,32000000,78000,Right,1,RB,80,62,78,78,70,3
163,23,184,76,France,83,34500000,140000,Right,3,ST,89,81,86,41,71,4
164,25,190,80,Brazil,83,34500000,38000,Left,2,RW,77,82,81,57,72,4
166,24,181,81,France,83,34000000,110000,Right,2,RCM,69,77,78,76,79,3
168,22,179,68,Portugal,83,34500000,46000,Right,2,LM,90,79,84,36,70,4
171,21,186,70,England,83,35500000,125000,Right,2,LM,92,82,84,45,77,5
172,25,188,70,England,83,30000000,140000,Right,2,RCB,68,36,72,84,77,3
174,23,171,69,Spain,83,29500000,18000,Left,3,LB,85,63,84,77,71,3
176,23,171,62,France,83,34000000,64000,Left,3,LM,83,76,85,59,67,4
178,23,182,76,Spain,83,34000000,180000,Left,3,SUB,81,80,84,43,62,4
179,25,178,74,France,83,28500000,97000,Left,2,LB,78,69,79,80,76,3
182,25,180,71,Belgium,83,32500000,23000,Right,3,LM,90,80,87,39,64,4
183,26,187,86,Spain,83,32500000,41000,Right,1,ST,67,83,76,35,82,3
186,25,175,72,Spain,83,32000000,105000,Right,2,ST,79,84,80,36,63,3
189,27,187,83,Portugal,83,27500000,35000,Right,3,CDM,42,57,74,79,85,3
192,27,181,71,Brazil,83,29500000,29000,Right,3,RCM,74,76,81,55,50,4
194,28,184,73,Spain,83,25500000,36000,Right,3,RCB,73,61,72,82,74,3
195,27,174,70,Spain,83,29500000,105000,Left,2,SUB,75,76,84,57,57,4
197,26,174,70,Brazil,83,31000000,130000,Right,3,SUB,92,79,87,42,66,4
198,26,179,70,France,83,30500000,60000,Left,2,RW,83,80,83,41,69,4
203,33,190,85,Belgium,83,12000000,31000,Right,4,LCB,50,53,64,84,79,2
210,32,189,90,Argentina,83,16500000,48000,Right,3,RCB,43,60,62,82,81,2
213,31,174,71,Argentina,83,19500000,26000,Right,3,RCM,61,73,82,77,70,4
214,30,188,86,Spain,83,25000000,80000,Right,4,SUB,73,82,75,49,85,2
216,32,189,86,Brazil,83,16500000,105000,Right,4,LCB,61,65,70,82,77,3
218,29,182,80,England,83,22000000,115000,Right,2,RCM,64,70,77,78,80,3
221,29,179,75,Spain,83,22000000,42000,Right,2,RCM,54,71,79,80,71,3
224,31,183,81,Argentina,83,19000000,145000,Right,3,SUB,56,57,59,83,78,2
228,28,182,77,Spain,83,27000000,60000,Left,2,LS,90,80,82,44,70,4
230,28,170,68,France,83,27000000,67000,Right,2,RS,84,82,85,39,61,4
232,27,188,83,Portugal,83,24000000,21000,Right,3,LCM,65,63,74,82,85,3
234,27,188,83,Brazil,83,27500000,60000,Right,1,ST,81,84,72,33,75,4
236,27,177,75,Brazil,83,27000000,51000,Right,1,RM,87,77,84,35,72,4
237,22,181,78,Spain,82,31000000,39000,Left,1,LW,75,82,83,39,61,3
239,22,175,73,Brazil,82,31000000,140000,Right,2,SUB,85,80,86,39,71,4
245,22,180,80,Portugal,82,29000000,89000,Right,2,CM,62,74,76,70,73,3
249,25,177,67,Portugal,82,26000000,150000,Right,2,RB,92,57,81,77,75,4
253,24,171,68,Argentina,82,29000000,59000,Right,1,SUB,83,80,86,54,65,4
254,25,186,79,Spain,82,29000000,36000,Right,2,RW,94,80,80,41,82,4
256,24,173,74,Portugal,82,29000000,47000,Right,3,RM,95,71,86,47,61,5
261,25,176,70,Spain,82,27000000,56000,Left,3,RS,78,76,87,33,53,4
265,25,175,70,Portugal,82,23500000,89000,Right,3,RB,86,64,81,79,73,3
266,26,172,65,Argentina,82,23500000,27000,Left,2,LB,81,57,76,80,81,3
269,26,170,66,Spain,82,26000000,35000,Right,2,LW,80,72,87,51,58,4
273,27,189,93,Brazil,82,26000000,44000,Right,2,ST,69,82,75,40,81,4
278,28,187,79,Brazil,82,21500000,46000,Right,2,LCB,71,49,65,83,81,2
280,26,194,100,England,82,23000000,125000,Right,1,LCB,50,53,69,81,84,2
281,26,175,71,Belgium,82,26000000,90000,Right,2,LM,82,77,86,47,64,4
285,26,172,66,Portugal,82,26000000,21000,Right,2,LM,93,71,86,50,52,4
288,38,182,78,Spain,82,8000000,29000,Right,3,ST,61,82,75,49,74,3
289,33,170,60,Spain,82,13500000,26000,Right,2,RB,87,69,83,69,53,4
290,34,168,65,Spain,82,11000000,45000,Right,3,CAM,56,73,83,65,58,4
292,33,178,63,Argentina,82,11000000,49000,Right,3,CM,55,63,81,77,68,3
295,31,170,63,Spain,82,19500000,135000,Left,3,SUB,62,74,83,36,47,4
296,32,193,92,France,82,17500000,140000,Left,3,SUB,46,81,72,42,79,3
298,30,175,78,Brazil,82,21000000,140000,Right,3,SUB,85,78,85,49,60,4
302,29,172,68,Brazil,82,21500000,59000,Right,2,CAM,81,77,83,46,75,4
306,31,172,64,Brazil,82,19500000,1000,Right,2,LAM,92,79,86,47,69,4
309,31,169,65,Spain,82,19500000,140000,Right,3,RW,75,77,84,43,56,4
312,29,182,73,Spain,82,21500000,100000,Right,3,LCM,70,72,80,82,77,3
317,27,191,90,Belgium,82,20000000,87000,Right,2,SUB,79,75,75,78,84,3
319,26,175,62,England,82,24000000,135000,Right,2,CAM,80,78,83,58,72,4
321,32,179,74,England,82,17500000,115000,Right,3,ST,88,81,74,55,75,3
323,31,180,70,Spain,82,20000000,39000,Right,2,LW,89,81,85,58,69,4
325,35,181,82,Brazil,82,6500000,28000,Right,1,RCB,71,61,62,82,80,2
326,31,175,70,Brazil,82,17000000,46000,Right,1,RDM,81,57,77,82,74,2
329,21,174,81,Argentina,81,27000000,61000,Right,1,RS,81,77,82,40,83,4
330,21,175,70,France,81,26000000,59000,Right,1,LCM,79,71,83,66,67,4
331,22,181,76,France,81,26000000,87000,Right,1,LDM,80,65,87,70,78,4
337,23,178,67,Spain,81,24500000,82000,Right,1,SUB,67,76,80,71,68,4
339,24,172,66,Spain,81,21000000,35000,Left,2,LB,85,61,80,75,69,4
340,22,175,66,Brazil,81,24000000,26000,Left,2,LAM,87,73,87,36,65,5
344,26,174,71,Brazil,81,22000000,160000,Left,2,SUB,67,76,84,68,60,4
347,23,181,75,England,81,20000000,97000,Left,2,LB,82,54,80,80,78,3
353,26,181,79,France,81,22000000,41000,Right,2,LS,76,81,78,39,74,4
357,25,170,71,Portugal,81,21500000,79000,Left,3,SUB,73,75,85,66,57,4
358,26,179,73,Portugal,81,21500000,74000,Right,3,RES,69,69,83,64,67,4
359,27,177,80,Brazil,81,19000000,73000,Right,1,RCM,78,70,79,77,74,4
367,27,180,77,Spain,81,21000000,45000,Left,1,ST,76,79,78,45,69,3
369,35,175,67,Portugal,81,8000000,59000,Right,3,RM,77,73,86,24,63,5
370,35,189,84,France,81,5500000,13000,Left,3,LCB,68,64,62,83,81,2
371,33,175,70,England,81,10500000,105000,Right,2,SUB,61,70,77,77,78,3
372,36,174,72,Argentina,81,6500000,25000,Right,2,LS,75,82,80,50,70,4
374,31,185,85,Belgium,81,15000000,23000,Left,3,CM,73,68,87,77,80,4
375,32,179,77,Spain,81,13500000,50000,Right,4,LCM,53,73,77,60,56,3
377,33,186,75,France,81,8500000,39000,Right,3,CB,60,43,64,82,74,2
378,33,192,86,Brazil,81,8500000,18000,Right,2,SUB,55,42,53,82,79,2
379,31,186,86,Brazil,81,15000000,28000,Right,2,LAM,67,73,79,71,72,4
380,35,187,81,Portugal,81,5500000,32000,Right,3,RCB,36,38,60,81,76,2
383,32,172,70,France,81,14000000,48000,Right,3,RS,85,79,77,43,67,3
384,32,175,77,France,81,14000000,46000,Right,3,LW,71,77,81,38,67,4
385,32,177,76,Spain,81,13500000,32000,Right,2,LCM,49,73,74,67,71,3
389,29,187,91,France,81,17000000,105000,Right,2,SUB,80,70,79,79,89,3
391,31,183,76,Brazil,81,13500000,22000,Right,2,CDM,61,62,70,81,82,3
392,31,173,66,Argentina,81,15500000,13000,Left,3,CAM,78,72,82,41,58,4
394,31,187,78,Brazil,81,13500000,42000,Left,3,CDM,58,60,69,80,82,3
397,28,188,87,Spain,81,15000000,115000,Left,2,SUB,66,73,77,79,79,3
399,28,185,80,Portugal,81,15000000,18000,Right,2,RB,68,63,75,82,82,3
402,30,186,82,Argentina,81,16500000,24000,Left,2,LCM,56,78,81,58,72,4
404,29,180,80,Spain,81,17000000,33000,Right,2,RCM,42,69,75,78,79,3
405,27,172,69,Argentina,81,18500000,21000,Left,2,LW,76,74,86,76,84,4
406,31,171,63,Brazil,81,15500000,40000,Left,1,LM,82,72,83,26,51,4
411,19,181,70,Portugal,80,28000000,38000,Right,1,RS,82,80,81,40,70,5
413,22,188,77,England,80,20000000,73000,Right,1,RCB,81,30,68,79,76,3
416,22,176,72,Belgium,80,20500000,76000,Right,2,RCM,63,78,78,68,67,4
417,24,184,75,Spain,80,19000000,46000,Left,1,SUB,79,49,71,79,77,2
418,22,180,76,Spain,80,21000000,36000,Right,1,RM,77,74,78,62,68,3
420,23,176,74,England,80,20000000,82000,Right,1,RDM,70,58,83,71,66,3
422,22,178,73,Portugal,80,20500000,84000,Right,2,LS,83,77,84,53,76,4
424,24,180,73,France,80,18000000,115000,Left,1,SUB,89,64,79,75,81,4
425,21,167,63,Spain,80,20500000,26000,Left,1,RM,82,71,82,55,61,3
426,22,186,82,Portugal,80,18500000,14000,Right,1,RCB,64,38,59,81,83,2
428,24,178,74,Spain,80,17500000,69000,Right,3,SUB,92,51,78,76,66,3
429,24,185,85,France,80,17500000,96000,Left,2,SUB,81,51,77,77,77,3
430,22,183,74,France,80,20000000,71000,Right,1,ST,82,77,76,30,81,4
432,23,181,77,Spain,80,20000000,29000,Right,1,LS,77,79,78,53,72,3
433,23,174,68,Portugal,80,20000000,19000,Left,2,LW,79,75,83,30,57,4
434,24,188,77,Argentina,80,20000000,53000,Right,1,CF,84,75,85,39,67,4
435,24,189,85,France,80,18000000,85000,Right,2,RES,66,48,74,79,85,3
439,25,180,71,Spain,80,19000000,33000,Right,2,LCM,45,69,80,66,67,4
440,24,190,96,France,80,17500000,85000,Right,2,LCB,64,51,55,78,83,2
441,25,180,75,Argentina,80,19000000,79000,Right,2,SUB,71,67,79,72,74,4
444,25,188,84,Portugal,80,17500000,76000,Right,3,LDM,65,71,80,73,80,4
447,24,172,70,France,80,19000000,29000,Right,2,LCM,64,73,80,75,62,3
448,24,183,78,Spain,80,17500000,23000,Right,2,RCB,62,49,61,81,74,2
449,25,188,82,Spain,80,19500000,31000,Right,1,SUB,77,79,78,31,72,3
451,25,175,70,England,80,18500000,90000,Right,2,SUB,82,73,84,66,73,4
452,26,179,70,Spain,80,18000000,31000,Right,1,CDM,61,73,77,73,72,4
454,25,177,73,Spain,80,19000000,78000,Right,3,RS,88,73,87,30,56,4
457,26,191,82,England,80,16500000,80000,Right,2,RCB,60,49,66,80,79,2
459,24,182,67,Spain,80,19000000,40000,Left,2,SUB,82,73,82,43,52,4
465,26,167,59,Argentina,80,18000000,88000,Right,2,LM,77,72,85,32,50,4
469,26,195,80,Belgium,80,18000000,30000,Right,1,CAM,48,76,77,65,73,4
472,25,187,82,Brazil,80,18000000,17000,Left,1,RCM,63,74,79,76,83,3
473,27,180,66,England,80,17500000,81000,Right,1,ST,87,78,77,39,75,4
478,28,182,77,Spain,80,14500000,29000,Left,2,LCB,70,56,61,80,78,2
479,27,178,70,Spain,80,17500000,38000,Right,1,SUB,81,78,81,58,75,3
480,27,178,75,Spain,80,16500000,39000,Right,2,LDM,60,73,77,70,66,4
487,37,179,75,Spain,80,5000000,22000,Right,2,LM,66,78,82,44,56,4
488,33,176,83,England,80,9500000,13000,Right,4,ST,64,81,76,56,76,3
490,32,177,70,Portugal,80,11500000,13000,Right,3,LW,72,75,86,37,62,5
491,35,174,73,Argentina,80,4700000,13000,Right,4,CDM,66,53,68,79,75,2
494,33,187,91,France,80,9500000,88000,Right,3,ST,69,82,71,43,83,3
495,37,188,72,Spain,80,5500000,25000,Right,1,LS,39,83,70,41,70,3
497,33,181,80,France,80,7000000,37000,Right,2,LCB,52,58,66,81,76,2
503,28,174,76,England,80,12500000,90000,Left,3,LB,77,62,79,80,75,3
504,27,184,80,Argentina,80,15500000,94000,Left,2,SUB,75,77,82,51,72,4
505,32,184,83,Spain,80,11500000,30000,Right,2,CAM,47,82,77,72,81,3
506,36,198,91,Brazil,80,3000000,30000,Right,3,SUB,53,65,60,81,71,2
509,32,183,73,Spain,80,11500000,30000,Right,2,RM,60,78,81,45,59,4
510,34,180,76,Argentina,80,7500000,13000,Right,2,SUB,73,81,85,55,75,5
513,34,165,63,France,80,7500000,1000,Right,3,CAM,77,75,82,34,48,3
516,30,190,87,France,80,12000000,68000,Right,2,LDM,52,71,73,78,77,3
517,32,176,70,Portugal,80,9000000,27000,Left,2,LB,75,69,76,77,72,4
519,32,195,85,Argentina,80,9500000,45000,Right,3,RCB,33,41,53,82,81,2
522,30,179,70,Argentina,80,14000000,54000,Right,3,SUB,75,70,86,42,57,4
523,31,187,91,Argentina,80,13500000,33000,Right,2,LS,71,79,75,58,86,4
525,28,173,71,England,80,12500000,56000,Right,2,RB,74,60,76,78,72,3
526,28,180,73,Argentina,80,13000000,44000,Right,3,RCB,66,47,67,83,72,3
527,29,182,80,France,80,12500000,38000,Right,2,LDM,70,61,74,75,78,3
531,28,177,74,France,80,14500000,43000,Right,2,LCM,70,66,78,78,77,3
532,32,179,92,Brazil,80,11500000,23000,Left,4,RW,78,85,80,47,86,4
536,28,172,66,Argentina,80,15000000,31000,Right,2,SUB,86,75,84,58,68,4
539,28,182,77,Argentina,80,15000000,78000,Right,2,LM,75,73,83,61,67,4
546,29,177,72,Spain,80,14500000,31000,Right,1,SUB,76,79,81,59,67,4
548,27,178,65,Spain,80,15500000,30000,Right,2,SUB,89,75,81,48,61,4
549,29,177,78,Brazil,80,12000000,1000,Left,1,LB,82,66,81,75,75,4
554,27,170,73,Spain,80,15500000,12000,Right,1,CAM,66,73,83,50,60,4
556,26,164,60,Brazil,80,16000000,88000,Right,2,LM,87,69,85,38,44,4
559,29,183,83,Argentina,80,12500000,29000,Right,1,RCM,55,58,78,75,83,4
560,27,179,76,Spain,80,15500000,56000,Left,1,LM,87,70,80,52,68,3
568,18,176,73,Brazil,79,22500000,60000,Right,2,RW,93,70,85,29,63,5
570,21,180,72,Brazil,79,20500000,32000,Left,1,CAM,76,75,81,60,77,4
571,21,183,72,England,79,17500000,71000,Right,1,RB,87,50,78,80,72,4
574,23,186,83,Spain,79,18500000,29000,Left,1,LCM,69,73,80,71,74,3
578,21,179,72,Spain,79,18500000,1000,Right,1,LCM,80,76,82,48,61,4
580,22,173,67,France,79,17500000,45000,Right,2,SUB,93,70,87,23,63,5
581,23,174,78,Argentina,79,17500000,11000,Right,1,SUB,91,76,79,49,74,4
587,22,184,74,Spain,79,16000000,26000,Left,1,RCM,61,62,73,73,68,3
588,20,196,90,France,79,16000000,48000,Left,1,SUB,62,34,50,80,80,2
590,24,180,72,Spain,79,17500000,16000,Right,1,LS,72,81,73,35,71,3
591,23,191,88,England,79,17000000,89000,Right,1,SUB,70,67,81,62,79,4
596,23,186,79,France,79,15500000,61000,Left,2,SUB,77,37,76,78,76,3
599,22,178,77,England,79,15500000,65000,Left,1,LB,78,49,77,76,75,3
602,22,184,78,Spain,79,15500000,110000,Left,1,SUB,85,64,74,75,76,3
603,24,173,66,England,79,16500000,53000,Right,2,RCM,60,71,77,62,64,3
604,24,186,76,Belgium,79,17000000,32000,Left,1,RW,76,76,82,29,56,4
605,24,172,71,Brazil,79,17000000,15000,Right,1,SUB,75,69,84,45,62,4
609,23,175,69,Spain,79,17000000,20000,Left,2,RW,84,77,81,35,66,4
610,22,175,69,Spain,79,15000000,91000,Left,2,SUB,85,64,81,72,78,4
611,22,175,73,England,79,17000000,72000,Right,1,LW,75,72,79,39,57,4
613,22,181,71,Brazil,79,17000000,72000,Right,1,RM,84,77,81,45,79,4
615,22,176,68,Brazil,79,17000000,16000,Left,1,RW,89,74,82,49,70,4
616,25,190,90,England,79,14500000,77000,Right,2,SUB,54,63,64,80,84,2
617,24,172,67,Belgium,79,16500000,53000,Right,1,LW,83,80,82,30,62,4
619,24,180,73,France,79,16000000,36000,Right,2,LCM,75,73,77,70,75,4
621,24,178,73,France,79,14500000,55000,Right,1,RB,74,61,75,77,73,3
624,25,185,87,England,79,16000000,98000,Right,2,SUB,70,73,80,56,73,4
626,26,192,81,England,79,14000000,39000,Right,1,RCB,58,45,63,79,78,2
630,25,185,88,Belgium,79,16000000,110000,Right,2,SUB,76,79,78,33,72,4
634,24,173,63,Portugal,79,16000000,18000,Right,1,LW,76,76,81,42,55,3
640,28,186,81,Argentina,79,12500000,55000,Right,1,LCB,56,49,56,80,76,2
642,28,195,97,France,79,12500000,80000,Right,1,LCB,64,35,61,78,82,2
646,26,186,86,Brazil,79,13500000,19000,Right,2,SUB,77,44,68,78,80,3
650,29,187,83,France,79,12000000,58000,Left,3,SUB,53,33,56,78,83,2
653,29,185,80,Spain,79,12000000,28000,Right,1,RCB,53,45,48,80,79,2
654,27,185,71,England,79,12500000,100000,Right,2,SUB,55,51,58,78,76,2
657,27,178,78,France,79,12500000,32000,Right,1,RWB,79,54,77,74,76,3
660,27,171,62,France,79,14000000,38000,Right,1,RES,71,69,79,66,68,4
665,37,175,69,Spain,79,4500000,10000,Right,3,LS,65,81,80,34,67,4
669,35,188,85,Brazil,79,3800000,25000,Left,3,LCB,36,52,63,80,76,2
670,33,176,76,France,79,5500000,35000,Right,3,RB,69,67,75,78,73,3
671,34,173,75,Argentina,79,6500000,21000,Right,3,SUB,84,79,83,40,71,4
672,34,175,73,Spain,79,6500000,65000,Right,3,RES,48,69,82,66,60,4
675,33,178,75,Argentina,79,7500000,11000,Right,2,CAM,58,79,79,41,66,3
679,32,189,77,Spain,79,8000000,15000,Left,3,LCB,65,46,59,79,75,2
681,33,177,71,Argentina,79,7500000,19000,Right,2,LDM,68,70,78,71,74,4
683,33,180,77,Spain,79,5500000,76000,Left,2,LB,63,61,74,80,68,3
685,31,180,78,Spain,79,11000000,33000,Right,2,SUB,47,74,76,67,67,4
689,31,178,73,England,79,11000000,89000,Right,3,SUB,67,71,82,62,65,4
690,31,187,84,France,79,11500000,36000,Right,2,LS,74,78,72,35,80,3
692,29,180,80,Spain,79,10500000,27000,Left,2,LB,80,64,74,78,81,3
693,33,177,69,Brazil,79,5500000,64000,Right,1,RB,82,64,76,71,76,3
699,29,174,72,Brazil,79,12500000,30000,Right,3,RS,92,76,82,42,72,4
703,27,172,68,England,79,13000000,83000,Left,3,LCM,64,68,81,63,66,3
705,29,182,77,Spain,79,10500000,27000,Left,1,LB,69,54,74,79,69,3
706,29,174,69,Spain,79,12500000,56000,Left,3,RF,75,74,84,41,54,4
707,30,187,78,Argentina,79,11500000,47000,Right,3,SUB,62,73,82,56,58,4
708,30,191,89,Brazil,79,10000000,42000,Right,2,RCB,53,55,54,79,83,2
710,29,180,83,Brazil,79,12500000,33000,Right,2,ST,81,77,77,49,76,4
712,29,176,72,Spain,79,10500000,20000,Left,1,SUB,72,63,71,79,72,3
719,33,178,77,Argentina,79,6000000,26000,Right,2,RDM,67,71,75,75,78,3
721,27,184,78,Brazil,79,11000000,90000,Right,2,SUB,71,70,74,78,76,3
722,31,189,89,France,79,9500000,29000,Left,2,LCB,49,53,56,79,84,2
735,27,170,65,Spain,79,11000000,34000,Right,1,RB,83,71,81,75,69,4
737,29,177,80,Argentina,79,12500000,46000,Right,2,ST,80,80,75,38,73,3
738,32,181,72,Argentina,79,8000000,24000,Right,1,LCB,68,41,59,80,74,2
739,29,187,80,Brazil,79,10500000,18000,Left,1,SUB,51,54,57,79,83,2
743,28,183,81,Spain,79,12500000,26000,Right,1,LCM,64,73,71,80,82,3
744,35,177,75,Brazil,79,3600000,27000,Right,1,RB,79,51,78,77,67,3
745,31,182,79,Brazil,79,9500000,30000,Left,1,RCB,70,48,52,79,78,2
748,31,176,73,Brazil,79,11500000,48000,Right,1,ST,84,79,80,27,66,4
757,21,171,64,Argentina,78,16000000,18000,Right,1,CAM,87,66,83,63,62,4
758,22,192,78,Portugal,78,14500000,12000,Right,1,LCB,54,43,63,80,76,2
761,22,194,92,France,78,14000000,59000,Right,2,LCB,67,36,55,79,79,2
763,21,175,73,France,78,15500000,29000,Left,1,RM,89,70,82,33,60,4
766,23,175,72,France,78,14500000,35000,Right,1,LM,89,75,82,36,62,4
772,24,189,88,Belgium,78,14000000,66000,Right,2,RCM,67,72,71,78,83,2
775,22,186,81,Brazil,78,14500000,41000,Right,1,RS,78,75,76,43,81,3
776,23,163,65,Portugal,78,14000000,1000,Right,1,LM,93,63,84,33,51,4
778,22,178,68,Spain,78,12500000,24000,Left,1,LB,72,47,76,77,65,3
783,24,175,63,Spain,78,13500000,17000,Right,3,SUB,67,66,82,63,52,3
785,25,178,70,Argentina,78,14000000,21000,Right,1,LCM,75,73,82,35,63,4
788,24,188,75,Belgium,78,14000000,77000,Right,2,SUB,82,76,75,27,74,4
796,24,184,74,Spain,78,13500000,17000,Right,1,SUB,63,74,76,67,67,4
797,22,185,83,France,78,12500000,50000,Right,2,CDM,62,53,64,79,83,2
800,25,188,89,England,78,12000000,37000,Right,1,CB,59,28,57,78,80,2
802,25,176,69,Spain,78,13000000,25000,Right,2,LM,76,72,83,59,56,3
813,24,187,79,Brazil,78,12000000,13000,Right,1,RCB,66,42,57,79,76,2
815,27,187,91,France,78,11000000,36000,Right,1,LCB,60,37,54,76,83,2
818,25,187,80,France,78,13000000,43000,Right,1,LCM,66,61,78,75,83,3
822,26,176,75,Argentina,78,11500000,14000,Right,1,SUB,90,41,76,73,79,3
823,25,178,72,Spain,78,13000000,79000,Right,1,RW,76,75,81,54,66,4
826,26,172,75,Argentina,78,13000000,10000,Left,1,CAM,88,75,83,34,62,4
829,28,189,89,France,78,10500000,41000,Right,2,SUB,49,57,65,78,79,2
830,27,192,88,England,78,11000000,46000,Right,1,CB,46,40,61,78,77,2
832,27,175,80,Brazil,78,11000000,20000,Right,1,RAM,73,66,73,74,75,3
834,26,188,75,France,78,11000000,31000,Right,1,RCB,64,46,62,78,74,2
835,26,181,76,Spain,78,11500000,30000,Right,1,LDM,63,61,76,74,76,3
836,24,173,70,Portugal,78,13000000,19000,Right,2,LW,90,72,84,32,63,4
840,28,188,84,Belgium,78,10000000,61000,Right,1,SUB,70,50,62,78,77,2
843,27,181,78,Portugal,78,11500000,15000,Right,1,RCM,58,76,76,67,66,3
852,27,170,67,France,78,12000000,34000,Right,1,CAM,76,74,79,50,59,4
855,26,175,70,France,78,12000000,43000,Right,1,LS,75,71,81,33,58,3
862,35,171,77,Argentina,78,4500000,19000,Right,3,CF,68,77,78,45,71,4
863,34,179,71,Argentina,78,5000000,34000,Right,2,RCM,69,69,80,63,65,4
864,34,174,69,Brazil,78,5500000,33000,Right,2,SUB,62,76,84,44,62,4
866,36,180,79,Argentina,78,2100000,17000,Left,2,SUB,68,53,68,77,77,2
867,32,175,77,Argentina,78,8500000,28000,Right,2,SUB,77,80,85,42,68,4
869,35,192,85,France,78,4800000,21000,Right,2,LS,47,79,71,44,79,3
872,33,183,80,Belgium,78,4900000,10000,Left,3,LCB,64,61,60,77,69,2
873,32,188,83,Argentina,78,6500000,33000,Right,2,RCB,75,56,52,78,77,2
874,32,175,75,France,78,8000000,23000,Right,3,RCM,72,72,80,37,51,4
877,29,179,80,England,78,8500000,53000,Left,2,LWB,76,53,76,76,70,3
881,31,175,72,Belgium,78,9000000,39000,Right,2,SUB,60,71,76,74,68,3
882,31,182,72,Belgium,78,9000000,75000,Right,2,RES,76,73,80,43,61,4
883,33,182,74,Spain,78,6000000,27000,Left,1,LCM,44,69,71,77,77,2
884,32,177,74,Spain,78,6500000,24000,Right,2,RB,74,66,74,78,72,3
886,32,181,76,Argentina,78,8000000,45000,Left,2,LM,75,62,79,76,70,4
898,32,191,85,Brazil,78,6500000,58000,Right,2,SUB,51,49,55,77,87,2
904,31,183,90,England,78,9500000,69000,Right,2,LS,57,79,71,37,85,2
909,30,163,63,Argentina,78,10000000,30000,Left,2,SUB,84,72,79,47,54,3
911,35,184,73,Spain,78,4300000,25000,Left,3,RDM,31,71,70,76,62,3
912,30,175,69,Portugal,78,9500000,75000,Right,3,RES,58,74,76,70,65,3
913,30,187,79,Spain,78,9500000,26000,Right,2,SUB,43,69,64,79,80,2
914,28,185,73,England,78,10500000,72000,Right,3,SUB,77,74,77,43,74,3
918,28,186,72,France,78,10500000,45000,Right,2,LCM,54,75,76,62,69,4
919,29,183,75,Spain,78,9000000,44000,Right,2,SUB,54,60,68,79,72,2
920,30,179,72,Brazil,78,8500000,63000,Right,1,LDM,72,64,75,73,72,3
924,30,180,80,Portugal,78,8500000,17000,Right,2,SUB,39,53,61,78,73,2
928,31,190,80,Spain,78,9000000,33000,Right,2,SUB,35,69,69,77,79,3
930,28,172,78,Brazil,78,9000000,61000,Right,2,SUB,79,60,79,75,78,4
931,29,183,82,England,78,8500000,37000,Left,1,LCB,61,42,62,79,80,2
935,28,180,76,France,78,10500000,42000,Right,2,RDM,70,64,75,77,82,3
936,29,178,82,England,78,10000000,79000,Right,2,SUB,85,72,78,56,82,4
940,28,185,82,England,78,9000000,61000,Right,1,RCB,53,34,60,78,75,2
945,28,173,69,Spain,78,9000000,25000,Right,2,RB,68,39,73,75,74,3
946,27,178,73,England,78,11000000,55000,Left,2,RM,78,77,80,38,69,4
951,28,180,82,France,78,9000000,32000,Right,2,RDM,63,55,70,79,76,2
953,32,175,72,Spain,78,8000000,19000,Right,3,SUB,68,77,78,45,64,4
957,29,187,85,Argentina,78,8500000,95000,Left,3,SUB,67,59,65,76,76,3
960,28,179,77,France,78,10500000,48000,Left,2,SUB,86,78,82,36,55,4
968,29,185,74,Argentina,78,9000000,66000,Right,1,RDM,50,63,68,76,84,3
973,31,176,72,Argentina,78,9500000,6000,Right,1,ST,69,80,75,36,66,3
974,30,185,89,Argentina,78,8500000,24000,Right,1,RCB,50,51,53,78,81,2
975,32,192,86,Argentina,78,6500000,22000,Right,1,SUB,50,60,54,78,79,2
976,29,182,67,Argentina,78,10000000,27000,Left,1,RAM,74,72,79,65,71,4
977,29,184,81,Argentina,78,9000000,23000,Right,1,RCB,57,64,68,76,77,3
978,31,176,69,Brazil,78,7500000,16000,Right,1,RB,76,50,77,76,74,3
980,27,187,79,Argentina,78,10500000,15000,Right,1,SUB,66,68,73,80,80,3
984,31,168,65,Brazil,78,7500000,34000,Left,1,LB,87,58,77,74,53,4
985,35,174,71,Brazil,78,4500000,22000,Left,1,RCM,80,73,77,27,59,4
986,31,176,75,Brazil,78,7500000,29000,Right,1,RB,80,71,76,74,74,4
987,27,187,85,Brazil,78,9500000,27000,Right,1,CDM,72,62,69,76,81,2
995,20,177,66,Argentina,77,14000000,18000,Right,1,LDM,77,73,77,68,74,4
999,22,168,66,Argentina,77,13500000,27000,Right,1,LM,90,70,82,42,67,4
1000,22,187,76,Spain,77,13500000,21000,Left,1,RM,74,75,77,50,63,4
1001,22,187,80,Brazil,77,12500000,35000,Right,1,SUB,76,29,66,78,67,3
1003,23,175,68,England,77,13000000,47000,Right,1,LCM,75,66,80,41,59,4
1006,21,185,74,France,77,12000000,30000,Right,1,RCB,77,42,72,76,76,3
1007,21,179,72,France,77,13000000,34000,Right,1,SUB,77,74,80,69,65,3
1008,21,180,66,Brazil,77,13000000,11000,Right,1,LCM,78,71,79,72,71,3
1010,21,178,70,Argentina,77,12000000,13000,Left,1,LCB,75,55,74,77,76,3
1014,23,180,81,Argentina,77,12500000,47000,Right,2,ST,77,75,76,39,71,3
1020,22,175,71,England,77,12500000,52000,Right,1,SUB,70,63,78,66,69,3
1025,23,167,66,Argentina,77,11000000,17000,Right,1,RB,87,62,79,70,72,4
1029,21,182,72,Brazil,77,12500000,13000,Right,1,SUB,88,70,80,32,65,4
1030,23,174,66,Portugal,77,12500000,13000,Right,1,SUB,72,70,79,57,51,3
1034,22,187,71,England,77,12500000,68000,Right,1,ST,84,70,75,38,79,3
1036,21,167,58,France,77,12000000,26000,Right,1,RCM,72,67,79,65,58,4
1040,22,180,73,Spain,77,12000000,23000,Left,1,SUB,83,71,81,64,70,4
1042,24,185,74,England,77,12000000,52000,Left,1,RM,64,64,78,68,64,4
1044,23,178,71,Brazil,77,11500000,81000,Right,1,RM,73,74,78,66,69,4
1047,24,182,74,France,77,10500000,23000,Right,1,LCB,76,40,69,76,80,2
1049,24,180,75,France,77,11500000,28000,Right,2,CDM,76,75,78,74,78,4
1057,23,175,73,Spain,77,12000000,37000,Right,1,LF,79,68,79,63,66,3
1061,22,192,78,France,77,10500000,26000,Right,1,SUB,56,37,57,76,77,2
1068,24,175,70,Argentina,77,12000000,9000,Right,1,ST,88,76,78,29,63,3
1070,25,180,71,Spain,77,10500000,24000,Right,1,RCB,66,33,59,75,74,2
1073,25,173,69,England,77,11000000,50000,Right,2,LS,84,71,82,27,52,4
1075,24,187,84,Argentina,77,11500000,16000,Right,2,SUB,83,73,75,61,84,4
1076,24,177,86,Belgium,77,11500000,39000,Left,2,RES,91,61,80,71,78,3
1084,25,178,72,Brazil,77,10000000,47000,Left,2,LCB,82,49,78,72,72,4
1085,26,190,88,Brazil,77,10000000,11000,Left,1,LCB,45,42,55,77,82,2
1088,24,185,80,Argentina,77,10000000,41000,Right,1,RDM,50,52,63,77,79,2
1096,26,186,80,England,77,9500000,65000,Right,1,CB,47,59,65,78,74,2
1102,26,187,81,Portugal,77,11000000,17000,Left,1,SUB,67,76,73,44,79,3
1105,26,185,69,France,77,10500000,32000,Right,1,RCM,73,67,77,67,73,4
1106,27,184,80,England,77,10000000,40000,Right,2,LCM,62,72,72,62,74,3
1113,28,186,79,Argentina,77,8500000,30000,Left,2,LCB,62,50,65,76,76,2
1116,29,185,86,Spain,77,8500000,23000,Right,1,SUB,32,33,49,77,79,2
1118,28,188,86,Brazil,77,8500000,31000,Right,1,LCB,58,52,59,79,77,2
1119,26,182,76,France,77,9000000,61000,Left,2,SUB,73,68,77,74,73,4
1123,27,185,73,Spain,77,10500000,36000,Right,1,SUB,81,76,76,41,67,3
1127,26,180,76,Argentina,77,10500000,45000,Right,1,LW,80,72,82,48,71,4
1135,34,188,82,Spain,77,3300000,22000,Right,2,LCB,32,61,57,77,81,2
1140,33,175,65,England,77,4000000,85000,Right,2,SUB,70,66,75,73,71,4
1141,35,195,89,Argentina,77,2700000,11000,Right,2,CB,33,59,45,76,84,2
1142,35,174,72,Argentina,77,4100000,18000,Right,2,SUB,60,76,75,37,69,3
1145,32,186,82,Spain,77,6000000,22000,Right,2,SUB,50,62,68,76,82,3
1148,34,173,75,England,77,4700000,11000,Right,1,SUB,71,76,71,43,69,3
1149,33,193,88,England,77,4200000,47000,Right,3,SUB,41,58,57,78,74,2
1150,30,176,68,England,77,8500000,71000,Right,3,SUB,87,72,79,39,61,3
1151,35,185,76,Brazil,77,2700000,21000,Right,2,RCB,48,40,52,80,63,2
1152,34,177,73,Argentina,77,4700000,26000,Right,2,SUB,73,80,80,35,66,4
1155,35,183,80,England,77,4100000,39000,Right,1,ST,31,78,67,42,72,2
1158,30,183,79,Belgium,77,8000000,23000,Right,2,RCM,56,73,74,69,79,3
1162,29,185,75,France,77,7500000,68000,Right,2,SUB,56,60,71,75,76,3
1163,33,180,79,Portugal,77,5000000,19000,Left,3,LCM,49,70,75,64,65,3
1167,32,185,82,France,77,7000000,41000,Right,2,SUB,74,77,73,37,68,4
1169,32,190,90,France,77,5500000,17000,Right,2,SUB,57,33,54,79,79,2
1172,29,174,78,England,77,7500000,68000,Left,2,SUB,69,70,79,73,74,3
1179,30,173,70,France,77,8500000,10000,Left,2,SUB,84,76,78,48,66,4
1180,30,187,72,Brazil,77,8500000,13000,Right,1,ST,73,76,71,34,74,3
1181,30,180,78,Brazil,77,7500000,1000,Right,1,RES,74,70,76,74,72,3
1185,31,185,79,Brazil,77,6500000,14000,Right,1,CDM,62,67,73,73,77,3
1188,31,183,75,Argentina,77,8000000,26000,Right,2,RS,70,77,81,31,67,4
1190,29,178,80,Argentina,77,9000000,11000,Right,1,ST,78,76,76,30,72,4
1192,29,174,73,England,77,8500000,38000,Right,1,RCM,60,60,74,74,76,3
1194,31,174,72,Spain,77,7500000,28000,Right,1,SUB,55,63,73,75,66,3
1198,29,184,75,Brazil,77,9000000,20000,Right,1,LS,79,76,74,40,76,4
1200,29,184,74,Brazil,77,8500000,41000,Right,2,SUB,70,77,73,61,74,3
1201,34,168,71,Argentina,77,4700000,17000,Right,1,ST,67,79,79,27,66,4
1206,28,187,82,Brazil,77,9000000,16000,Right,1,RCM,58,73,71,71,81,3
1207,29,182,70,France,77,8500000,31000,Right,2,CM,62,69,75,68,73,4
1209,28,184,81,Argentina,77,9000000,47000,Right,2,ST,76,74,74,43,78,3
1211,30,178,73,Spain,77,8500000,27000,Right,2,ST,77,78,78,43,69,3
1212,30,180,73,Spain,77,8500000,27000,Left,2,RS,72,78,77,32,68,4
1213,29,174,67,Portugal,77,8500000,13000,Right,2,RCM,69,71,78,71,68,3
1216,32,178,76,Spain,77,5500000,22000,Right,1,RCB,59,56,67,75,76,2
1222,28,174,74,France,77,9000000,23000,Left,1,SUB,73,67,76,67,75,4
1223,31,185,71,Portugal,77,6500000,13000,Right,1,SUB,58,37,53,79,74,2
1226,30,182,78,Argentina,77,8000000,33000,Right,2,SUB,71,67,80,64,66,4
1230,30,178,74,Brazil,77,7000000,54000,Left,2,SUB,77,57,73,76,75,3
1231,28,179,74,Spain,77,9000000,28000,Right,2,SUB,76,78,74,41,69,3
1239,33,175,80,Argentina,77,5000000,22000,Right,1,RCM,63,68,74,70,80,3
1241,29,188,87,Argentina,77,7500000,47000,Left,1,RCB,52,32,58,78,80,2
1243,29,177,93,Argentina,77,9000000,27000,Right,1,SUB,67,75,71,31,82,3
1244,28,184,77,Spain,77,9000000,24000,Left,1,RS,76,77,77,30,77,3
1245,31,186,73,Brazil,77,6500000,26000,Left,1,LB,82,67,71,74,86,3
1246,31,189,84,Brazil,77,6500000,34000,Right,1,RCB,61,39,54,78,83,2
1247,31,178,71,Brazil,77,8000000,35000,Right,1,CAM,80,68,77,36,63,4
1248,27,178,72,Brazil,77,9500000,26000,Right,1,LS,81,77,73,24,64,3
1254,19,171,69,England,76,16500000,52000,Left,1,SUB,74,64,79,55,55,4
1256,18,174,64,Brazil,76,14000000,47000,Right,1,RES,85,72,80,29,57,4
1258,19,184,73,Portugal,76,12000000,6000,Right,1,SUB,65,44,68,76,73,3
1263,21,174,78,England,76,12500000,32000,Right,1,SUB,82,74,83,28,61,3
1268,20,176,70,Argentina,76,12500000,17000,Right,1,SUB,71,75,74,56,62,3
1272,23,185,80,Belgium,76,12000000,40000,Right,1,LM,82,56,75,73,68,3
1273,22,179,67,Spain,76,11500000,20000,Right,1,SUB,56,68,74,65,55,4
1276,21,180,73,Spain,76,12000000,81000,Left,1,SUB,75,68,78,61,62,4
1278,20,181,71,Portugal,76,12000000,10000,Right,1,RES,79,70,76,71,77,3
1296,22,184,73,France,76,11500000,53000,Right,1,SUB,82,76,75,34,64,4
1299,24,185,79,England,76,10000000,29000,Right,1,CM,58,55,68,74,76,2
1305,23,189,75,England,76,10000000,52000,Right,1,SUB,60,34,64,77,73,2
1307,21,180,73,France,76,11000000,8000,Left,1,CAM,78,69,79,62,64,4
1311,22,183,77,Argentina,76,10000000,16000,Right,1,RCB,65,34,57,76,77,2
1314,24,194,83,Belgium,76,9500000,40000,Right,2,RCB,60,44,56,75,76,2
1315,23,176,64,Belgium,76,10500000,15000,Left,1,SUB,82,68,82,26,55,4
1318,24,178,70,France,76,9500000,40000,Right,1,SUB,73,47,68,76,75,3
1320,24,171,63,Spain,76,10500000,17000,Right,1,LM,79,64,83,52,49,4
1321,24,187,73,Brazil,76,10500000,12000,Right,1,SUB,72,68,74,71,77,3
1323,22,168,70,Argentina,76,9500000,21000,Right,1,RCM,70,46,66,77,76,2
1327,25,181,78,Belgium,76,10000000,63000,Right,2,SUB,69,70,78,61,64,4
1331,24,184,79,Portugal,76,10500000,31000,Right,1,SUB,64,76,77,33,77,4
1333,25,187,83,France,76,9000000,1000,Right,1,RCB,65,29,58,76,79,2
1336,23,180,75,Spain,76,9000000,18000,Left,1,LB,68,36,67,77,70,2
1341,24,186,83,Portugal,76,9500000,27000,Right,1,SUB,62,58,74,70,75,4
1342,24,172,67,Belgium,76,10000000,25000,Right,1,LM,91,72,79,26,56,3
1345,24,169,63,Brazil,76,10000000,8000,Left,1,LCM,70,70,77,31,46,4
1349,25,173,72,Argentina,76,10000000,20000,Right,1,LCM,77,71,79,49,59,4
1352,25,161,61,Argentina,76,10000000,9000,Right,1,LM,81,67,80,46,61,5
1359,26,175,71,England,76,9500000,34000,Right,1,SUB,78,69,79,50,57,3
1362,25,185,70,England,76,8500000,29000,Left,1,SUB,71,54,74,75,76,3
1365,26,174,70,Brazil,76,9500000,15000,Left,1,RM,80,69,77,51,67,4
1376,25,165,62,Argentina,76,9500000,13000,Left,2,RES,92,65,84,50,51,4
1377,24,185,79,France,76,8500000,18000,Right,1,RCB,60,48,55,75,79,2
1381,25,181,70,Brazil,76,8500000,45000,Left,1,LM,91,58,76,72,71,3
1383,27,188,83,Brazil,76,8500000,13000,Left,1,LCB,66,39,53,77,77,2
1387,28,187,84,France,76,8000000,30000,Left,2,SUB,61,42,51,74,79,2
1397,27,185,75,France,76,8000000,55000,Left,2,RES,77,37,60,76,79,2
1401,26,178,73,England,76,9000000,53000,Right,1,RS,75,74,76,32,66,3
1411,26,171,65,Spain,76,8000000,27000,Left,2,LB,85,65,78,70,70,3
1413,28,179,76,Brazil,76,7500000,1000,Right,1,RDM,67,64,69,72,78,3
1414,27,187,82,Portugal,76,8000000,21000,Right,1,SUB,63,35,61,76,75,2
1415,25,188,83,Brazil,76,9500000,14000,Right,1,ST,54,78,69,30,81,3
1416,26,173,68,Portugal,76,8000000,13000,Right,1,SUB,74,66,80,70,68,4
1420,28,177,68,Argentina,76,7500000,14000,Right,1,SUB,78,72,77,72,78,4
1423,36,180,87,England,76,1600000,22000,Right,2,SUB,46,44,52,77,65,2
1431,37,174,71,Argentina,76,1700000,15000,Right,2,SUB,44,59,68,77,72,3
1433,35,177,77,Argentina,76,3200000,12000,Left,1,LCM,61,76,77,51,60,4
1437,34,180,74,Spain,76,4100000,23000,Right,3,ST,57,77,72,43,68,3
1438,36,174,71,Spain,76,2600000,7000,Right,2,CAM,63,72,80,44,58,4
1440,32,177,76,England,76,6000000,66000,Right,2,RCM,41,67,73,72,70,3
1441,38,185,82,Argentina,76,2800000,16000,Right,1,ST,46,79,65,36,74,3
1443,37,176,70,Argentina,76,2800000,25000,Right,2,ST,74,71,82,46,65,4
1449,33,184,81,Brazil,76,3500000,1000,Right,1,RB,84,69,75,72,76,4
1457,34,173,75,Argentina,76,3900000,9000,Right,1,CAM,56,71,74,49,61,3
1461,30,184,75,England,76,7000000,34000,Right,2,LCM,47,62,71,76,80,3
1465,33,185,80,Argentina,76,3600000,22000,Right,1,CB,45,37,50,75,80,2
1466,32,186,79,France,76,6000000,26000,Right,1,SUB,56,70,76,68,65,4
1474,35,170,67,Brazil,76,3400000,26000,Right,1,CAM,70,72,78,45,60,4
1475,31,194,85,Belgium,76,6500000,20000,Right,3,LDM,42,71,69,76,88,3
1478,33,172,70,Portugal,76,3500000,1000,Right,2,SUB,77,77,81,70,64,4
1482,32,183,79,France,76,6000000,23000,Left,2,LCM,55,69,71,71,73,3
1484,34,173,66,Spain,76,3900000,57000,Right,2,RM,70,73,78,46,60,4
1493,29,175,74,England,76,7500000,69000,Right,2,SUB,70,68,77,59,69,3
1496,32,158,56,Argentina,76,6000000,9000,Right,2,LCM,73,71,77,52,50,4
1497,32,179,76,Argentina,76,4900000,27000,Right,2,LCB,61,53,64,77,71,2
1500,33,187,82,Argentina,76,3600000,35000,Right,1,LCB,46,46,59,74,82,2
1509,30,184,76,Spain,76,6000000,18000,Right,1,RCB,52,52,59,76,78,2
1512,28,182,76,Spain,76,7500000,24000,Left,1,SUB,69,76,81,54,69,4
1513,31,169,67,Argentina,76,7000000,21000,Right,1,LW,92,70,79,45,63,4
1514,29,174,69,Portugal,76,6500000,14000,Right,1,RB,84,65,78,71,65,4
1519,30,187,78,Spain,76,7000000,26000,Right,2,SUB,44,63,67,76,69,3
1522,28,174,61,Spain,76,6500000,53000,Right,1,RB,75,58,79,73,68,3
1524,30,178,73,Spain,76,6500000,26000,Right,1,CM,40,56,65,73,74,2
1526,31,168,68,Argentina,76,7000000,9000,Right,1,LM,76,74,78,33,70,3
1533,30,173,70,Brazil,76,6000000,32000,Right,2,RB,80,56,76,72,65,3
1535,32,178,76,France,76,6000000,30000,Right,2,RM,67,73,78,42,63,3
1540,28,180,78,England,76,8000000,63000,Right,1,SUB,86,75,73,30,72,3
1550,28,188,84,Belgium,76,7000000,25000,Right,1,SUB,68,30,60,74,85,2
1555,27,184,73,Brazil,76,8000000,33000,Right,1,LS,72,75,75,40,67,4
1561,32,187,81,Argentina,76,6000000,26000,Right,1,SUB,59,78,68,45,77,3
1571,29,179,69,Spain,76,6500000,22000,Left,1,LB,84,64,76,71,68,3
1573,28,174,78,England,76,8000000,42000,Right,1,RES,81,77,72,28,61,3
1580,30,175,65,Argentina,76,7500000,28000,Left,2,SUB,81,72,77,40,58,4
1584,30,175,70,Argentina,76,7500000,24000,Left,2,LCM,75,72,74,62,71,4
1585,28,184,79,Portugal,76,6500000,14000,Left,1,LB,70,59,70,74,75,3
1593,31,175,71,Brazil,76,5500000,25000,Right,1,RB,76,48,75,74,70,3
1594,31,192,91,Brazil,76,5500000,13000,Right,1,RCB,47,46,53,75,79,2
1595,27,188,78,Brazil,76,7000000,30000,Right,1,RCB,58,50,49,76,79,2
1596,27,177,78,Brazil,76,7000000,13000,Right,1,RDM,74,64,70,74,78,2
1603,31,180,71,Brazil,76,7000000,30000,Left,1,ST,76,76,73,30,64,3
1604,31,188,84,Brazil,76,5500000,13000,Right,1,RCB,55,40,59,77,76,2
1607,28,177,63,Brazil,76,8000000,12000,Right,1,LM,76,72,78,41,69,4
1617,21,179,73,Argentina,75,12000000,11000,Right,1,LCM,79,63,74,70,78,3
1618,20,178,64,England,75,11500000,57000,Right,1,LCM,71,68,76,46,53,3
1619,19,178,71,England,75,11000000,38000,Left,1,SUB,87,67,75,64,62,4
1620,20,185,68,France,75,11500000,46000,Right,1,SUB,71,62,73,69,74,3
1625,22,167,72,Spain,75,11500000,28000,Right,1,RES,77,76,77,40,62,3
1626,20,188,81,Portugal,75,11500000,27000,Right,1,SUB,87,72,75,27,71,4
1631,20,183,76,Portugal,75,10000000,54000,Right,1,SUB,80,60,77,70,77,3
1632,21,174,66,England,75,11000000,52000,Right,1,SUB,78,69,76,45,57,3
1635,19,180,72,Spain,75,10500000,17000,Right,1,SUB,78,69,76,32,57,3
1639,21,177,71,England,75,9500000,41000,Right,1,RB,85,59,76,68,67,4
1642,21,176,70,Portugal,75,10000000,51000,Right,3,SUB,76,72,77,70,82,3
1648,22,178,67,Brazil,75,10500000,9000,Left,1,RW,81,67,80,40,60,4
1656,23,175,70,Brazil,75,10000000,29000,Left,1,SUB,89,63,79,38,52,3
1664,23,182,77,Brazil,75,9500000,67000,Left,1,RES,76,67,78,57,61,4
1676,21,187,77,Belgium,75,9500000,21000,Left,1,SUB,86,74,78,28,62,4
1677,22,185,79,France,75,9500000,23000,Left,1,RM,76,73,74,32,68,3
1684,22,180,67,Belgium,75,9500000,20000,Right,1,SUB,74,75,76,48,70,3
1689,24,171,75,France,75,9500000,25000,Right,1,SUB,77,74,78,29,55,3
1693,22,178,78,Argentina,75,9500000,1000,Right,1,LM,77,73,73,40,69,3
1697,23,172,63,Brazil,75,9000000,29000,Left,1,SUB,72,73,78,44,49,3
1698,23,170,58,Brazil,75,9000000,21000,Right,1,RM,88,66,78,40,54,3
1699,23,178,72,England,75,8500000,43000,Right,1,CDM,67,66,68,72,83,3
1700,22,184,75,England,75,8000000,49000,Right,1,SUB,70,42,66,76,71,3
1703,23,190,82,France,75,8000000,20000,Left,1,RCB,72,39,64,74,79,2
1704,24,184,81,Argentina,75,9000000,17000,Right,1,SUB,83,65,72,38,66,3
1711,22,182,89,France,75,8000000,12000,Right,1,SUB,62,33,58,73,78,2
1717,24,175,67,Spain,75,8500000,9000,Right,1,RCM,71,60,72,69,72,3
1719,25,188,88,France,75,8500000,18000,Right,1,LDM,66,67,73,68,77,3
1721,24,183,73,England,75,8000000,49000,Right,1,SUB,63,49,68,74,76,2
1727,24,176,71,England,75,8000000,21000,Right,1,RDM,70,50,71,72,85,3
1729,23,180,74,England,75,9000000,60000,Right,1,SUB,88,67,81,37,55,4
1734,23,183,76,Brazil,75,9000000,25000,Right,1,LCM,67,66,72,74,75,3
1738,23,184,78,France,75,9000000,21000,Right,2,RES,87,69,77,41,59,3
1740,25,172,81,Argentina,75,9000000,29000,Left,1,ST,78,76,74,43,75,3
1748,23,185,81,Brazil,75,8000000,42000,Left,1,RCB,59,32,55,75,74,2
1753,25,188,83,Brazil,75,7500000,19000,Right,1,SUB,58,32,52,75,76,2
1755,24,167,64,Spain,75,8500000,17000,Left,1,CAM,75,66,77,49,52,4
1778,26,186,77,France,75,8000000,32000,Left,1,RES,68,60,78,60,75,4
1780,27,183,74,Spain,75,7500000,20000,Right,1,RDM,64,66,68,70,78,3
1781,27,185,80,Argentina,75,7000000,8000,Right,1,LCB,72,48,66,73,78,2
1785,26,182,77,Argentina,75,7500000,20000,Right,1,SUB,66,58,72,70,77,3
1789,24,180,77,England,75,8500000,36000,Left,1,LWB,77,68,77,50,60,3
1794,25,188,84,France,75,7500000,21000,Right,1,RCM,47,56,63,74,80,3
1801,25,176,71,Spain,75,8000000,28000,Right,1,SUB,60,68,72,63,54,3
1805,25,169,70,Argentina,75,7500000,17000,Right,1,LCM,78,63,76,69,69,3
1806,24,178,65,Spain,75,8500000,26000,Right,1,RES,77,73,77,45,64,3
1807,26,179,68,Spain,75,7000000,8000,Left,1,LB,81,63,76,68,55,3
1816,25,183,77,Portugal,75,8000000,13000,Right,1,SUB,66,76,77,49,67,4
1829,27,182,78,Brazil,75,7000000,30000,Right,1,RCB,47,60,65,75,74,2
1839,28,188,88,Belgium,75,6500000,15000,Right,1,RCB,51,41,38,75,81,2
1845,27,182,75,England,75,6500000,42000,Right,1,RB,86,67,76,68,79,3
1850,26,178,72,Spain,75,8000000,64000,Right,2,RES,80,71,78,25,62,4
1852,27,177,65,France,75,6500000,28000,Right,1,SUB,82,66,74,71,71,3
1863,26,170,65,Spain,75,8000000,9000,Left,2,LCM,65,68,77,39,55,4
1864,27,178,75,Argentina,75,7500000,24000,Right,1,CAM,72,70,76,65,70,3
1873,26,178,72,England,75,8000000,40000,Left,1,RM,84,67,79,49,56,4
1875,26,177,72,Spain,75,8000000,11000,Right,1,LM,74,75,75,46,64,3
1883,33,180,72,Spain,75,4200000,38000,Right,2,SUB,58,78,78,32,66,4
1884,34,181,75,France,75,3200000,18000,Right,2,RCM,50,59,72,69,71,3
1894,34,178,74,Argentina,75,2300000,57000,Right,3,SUB,49,56,71,79,70,3
1903,32,188,78,England,75,4300000,42000,Right,2,LCB,32,40,47,76,65,2
1907,33,188,75,Belgium,75,3200000,12000,Right,1,LDM,55,68,67,74,82,3
1908,34,170,70,England,75,2300000,57000,Left,3,SUB,56,68,75,76,59,3
1913,33,184,76,Argentina,75,3100000,19000,Right,2,RCB,33,33,55,76,73,2
1916,34,174,70,Argentina,75,2600000,18000,Right,1,CDM,51,61,69,74,71,3
1919,32,183,76,Spain,75,4100000,20000,Right,1,SUB,70,52,70,73,74,3
1923,31,161,57,Argentina,75,6000000,13000,Left,2,SUB,84,67,79,30,39,4
1927,32,179,73,Argentina,75,4400000,13000,Right,1,CDM,52,51,65,74,76,2
1932,31,175,73,Belgium,75,5500000,19000,Right,2,SUB,58,66,74,70,68,3
1950,30,193,79,England,75,6500000,39000,Left,2,RES,44,77,67,44,80,2
1956,30,176,73,England,75,5500000,30000,Right,1,CDM,67,55,68,75,79,3
1959,28,190,83,Belgium,75,7000000,52000,Right,3,RS,58,74,65,32,72,2
1960,31,193,84,France,75,4900000,20000,Left,2,LCB,45,33,47,76,72,2
1969,29,179,70,England,75,5500000,38000,Left,2,LB,77,56,73,73,71,3
1986,30,190,81,Brazil,75,6500000,30000,Right,1,SUB,70,75,68,31,77,3
1990,29,183,76,England,75,6500000,55000,Right,1,SUB,75,70,75,36,55,3
1993,31,190,81,Portugal,75,6000000,1000,Right,2,SUB,76,73,67,41,79,3
1994,29,175,67,Spain,75,6500000,24000,Left,1,SUB,74,75,73,43,66,3
1996,28,177,76,France,75,6500000,10000,Left,2,RES,87,73,76,40,64,4
2002,30,185,74,Spain,75,5500000,23000,Left,1,LB,71,51,72,73,75,3
2006,30,186,77,France,75,6000000,18000,Left,1,SUB,65,72,73,72,75,3
2011,30,188,80,France,75,6500000,20000,Right,2,LS,46,74,74,35,72,3
2013,30,187,76,France,75,5500000,32000,Right,3,RES,52,61,69,75,75,3
2019,33,174,67,Portugal,75,4000000,7000,Right,1,CAM,67,71,77,61,62,4
2021,32,173,79,Brazil,75,5000000,21000,Left,2,LW,78,71,73,24,69,4
2024,28,175,72,Spain,75,6500000,11000,Right,1,LM,79,70,76,58,65,3
2025,29,188,82,England,75,5500000,51000,Right,2,RCB,62,43,60,75,77,2
2026,31,177,70,Portugal,75,4800000,19000,Left,1,LB,82,60,76,70,70,3
2028,33,180,76,Spain,75,3000000,23000,Right,1,RB,66,53,70,71,72,3
2029,29,188,84,England,75,6500000,45000,Right,1,SUB,52,77,68,37,69,2
2033,28,178,68,Brazil,75,7000000,1000,Right,1,RS,82,75,77,29,66,3
2040,30,181,78,England,75,5500000,29000,Right,1,RB,67,61,73,75,74,2
2043,29,181,76,Argentina,75,6500000,22000,Right,1,SUB,61,76,70,38,67,3
2044,28,174,70,Brazil,75,6500000,15000,Left,1,CAM,91,66,77,51,65,4
2051,27,181,73,France,75,7000000,47000,Right,2,SUB,69,72,76,43,63,3
2052,28,183,74,Spain,75,6500000,28000,Right,1,SUB,40,67,72,72,71,3
2061,29,180,73,France,75,6500000,35000,Right,2,SUB,75,75,73,38,67,3
2064,31,192,89,Brazil,75,4900000,13000,Right,2,RCB,33,35,51,75,82,2
2068,30,183,75,Spain,75,5500000,10000,Right,1,RCB,67,49,64,75,74,2
2069,32,182,81,Argentina,75,5000000,13000,Left,1,RCM,57,68,72,67,77,3
2070,27,179,76,Brazil,75,6000000,22000,Left,1,SUB,73,57,73,71,71,3
2072,28,182,72,Spain,75,6500000,20000,Left,1,RM,81,70,76,54,69,3
2079,27,176,69,Argentina,75,7000000,20000,Right,1,RM,90,63,75,56,75,3
2081,32,178,68,Argentina,75,4100000,34000,Left,1,SUB,83,63,72,72,75,3
2082,27,170,69,Argentina,75,7000000,20000,Right,1,SUB,89,70,78,36,65,3
2083,27,178,69,Portugal,75,7000000,22000,Left,2,RW,92,68,80,29,56,4
2086,30,185,78,Spain,75,5500000,20000,Right,1,SUB,57,43,57,76,76,2
2088,30,183,76,Argentina,75,5500000,13000,Right,1,RCB,57,35,59,76,75,2
2089,29,187,88,Argentina,75,6500000,23000,Right,1,LS,56,75,66,39,79,3
2090,30,170,76,Argentina,75,5500000,20000,Right,1,RB,87,62,73,69,81,3
2091,28,191,87,Argentina,75,7000000,52000,Right,1,RES,54,75,71,39,75,3
2098,30,175,70,Spain,75,6000000,11000,Left,1,LCM,61,72,71,65,67,3
2100,27,188,83,Argentina,75,7000000,15000,Left,1,RCM,62,62,76,66,81,4
2103,31,185,85,Brazil,75,4900000,13000,Left,1,RCB,60,50,59,73,77,2
2104,27,179,80,Brazil,75,6000000,23000,Right,1,LCB,59,50,51,75,74,2
2105,27,178,75,Brazil,75,6000000,13000,Left,1,RDM,72,57,75,76,69,2
2106,27,178,75,Brazil,75,7000000,17000,Left,1,CAM,76,63,76,34,59,4
2112,27,175,72,Brazil,75,7000000,22000,Left,1,CAM,67,69,77,35,51,4
2114,27,177,71,Brazil,75,7000000,14000,Right,1,CAM,70,73,75,26,63,4
2115,27,176,72,Brazil,75,7000000,33000,Right,1,CAM,81,71,75,32,55,3
2116,27,187,81,Brazil,75,7000000,29000,Right,1,RS,69,75,71,38,76,3
2123,18,177,75,England,74,11500000,31000,Right,1,SUB,85,64,81,30,60,4
