,age,height_cm,weight_kg,nationality,overall,value_EUR,wage_EUR,preferred_foot,international_reputation,team_position,pace,shooting,dribbling,defending,physique,skill_moves
0,32,170,72,Argentina,94,95500000,565000,Left,5,RW,87.0,92.0,96.0,39.0,66.0,4
1,34,187,83,Portugal,93,58500000,405000,Right,5,LW,90.0,93.0,89.0,35.0,78.0,5
2,27,175,68,Brazil,92,105500000,290000,Right,5,CAM,91.0,85.0,95.0,32.0,58.0,5
4,28,175,74,Belgium,91,90000000,470000,Right,4,LW,91.0,83.0,94.0,35.0,66.0,4
5,28,181,70,Belgium,91,90000000,370000,Right,4,RCM,76.0,86.0,86.0,61.0,78.0,4
10,20,178,73,France,89,93500000,155000,Right,3,RW,96.0,84.0,90.0,39.0,75.0,5
12,25,188,89,England,89,83000000,220000,Right,3,ST,70.0,91.0,81.0,47.0,83.0,3
15,28,168,72,France,89,66000000,235000,Right,3,RCM,78.0,65.0,81.0,87.0,83.0,2
17,31,173,70,Argentina,89,60000000,300000,Right,4,ST,80.0,90.0,88.0,33.0,74.0,4
18,33,184,82,Spain,89,31500000,300000,Right,4,LCB,72.0,68.0,73.0,87.0,85.0,3
21,30,189,76,Spain,89,55000000,300000,Right,4,CDM,42.0,62.0,80.0,85.0,80.0,3
22,28,176,73,France,89,69000000,370000,Left,4,LW,81.0,86.0,89.0,57.0,72.0,4
23,25,177,75,Argentina,88,76500000,215000,Left,3,RW,83.0,82.0,90.0,43.0,64.0,4
24,26,191,84,France,88,72500000,250000,Right,4,LDM,74.0,81.0,85.0,66.0,86.0,5
26,24,170,69,England,88,73000000,255000,Right,3,LW,93.0,79.0,89.0,45.0,57.0,4
29,32,194,85,Spain,88,38000000,285000,Right,4,RCB,56.0,61.0,68.0,88.0,80.0,2
33,33,173,67,Spain,88,36000000,265000,Left,4,LCM,65.0,74.0,89.0,52.0,57.0,4
40,25,189,85,France,87,56500000,195000,Left,2,LCB,64.0,50.0,68.0,88.0,82.0,2
41,24,173,64,Portugal,87,64000000,210000,Left,2,RW,81.0,76.0,92.0,51.0,67.0,4
42,27,185,84,Brazil,87,53500000,240000,Right,3,CDM,62.0,72.0,72.0,85.0,89.0,2
44,34,179,67,Brazil,87,19500000,200000,Right,3,CDM,66.0,74.0,78.0,84.0,79.0,3
45,34,183,82,Brazil,87,18500000,135000,Right,4,LCB,62.0,54.0,72.0,87.0,78.0,2
46,31,185,81,France,87,45000000,285000,Right,4,CF,76.0,82.0,86.0,39.0,77.0,4
47,32,189,86,Belgium,87,32500000,155000,Left,3,LCB,63.0,63.0,72.0,87.0,79.0,3
48,32,169,61,Belgium,87,40000000,135000,Right,3,SUB,88.0,83.0,91.0,35.0,53.0,4
50,30,186,81,Belgium,87,41000000,155000,Right,3,RCB,64.0,55.0,66.0,88.0,79.0,2
52,28,174,70,Spain,87,50000000,180000,Right,3,CDM,69.0,74.0,90.0,69.0,63.0,5
56,25,183,75,Brazil,86,51500000,120000,Right,3,RCB,74.0,41.0,70.0,86.0,77.0,3
62,27,176,79,Spain,86,51000000,245000,Right,3,SUB,71.0,77.0,91.0,59.0,60.0,4
63,27,181,76,Brazil,86,52000000,170000,Right,3,CF,77.0,82.0,87.0,61.0,78.0,4
66,31,180,69,Argentina,86,39000000,150000,Left,4,LW,84.0,79.0,87.0,48.0,68.0,5
69,30,182,74,Spain,86,41000000,69000,Right,2,RCM,41.0,80.0,79.0,70.0,69.0,3
72,28,175,73,France,86,46000000,165000,Right,3,ST,82.0,85.0,86.0,40.0,74.0,4
80,24,184,77,Spain,85,49500000,77000,Left,3,LCM,70.0,78.0,81.0,78.0,78.0,3
81,25,188,78,Brazil,85,45000000,125000,Right,3,CDM,68.0,69.0,77.0,85.0,83.0,3
84,24,186,81,France,85,45000000,175000,Left,2,LCB,75.0,45.0,65.0,86.0,80.0,2
85,24,179,69,Portugal,85,49000000,24000,Right,2,RCM,77.0,83.0,85.0,65.0,74.0,4
89,26,190,94,Belgium,85,46000000,115000,Left,3,LS,75.0,82.0,72.0,35.0,84.0,3
93,26,181,75,Argentina,85,46000000,115000,Right,3,RES,75.0,84.0,77.0,36.0,69.0,3
97,31,165,68,Argentina,85,34000000,92000,Right,3,CAM,89.0,78.0,86.0,39.0,55.0,4
98,31,186,89,Argentina,85,34500000,175000,Right,4,SUB,63.0,85.0,80.0,31.0,71.0,3
99,32,180,75,France,85,25000000,145000,Left,3,SUB,75.0,66.0,78.0,83.0,81.0,2
101,31,174,75,Brazil,85,28000000,205000,Left,4,LB,81.0,74.0,89.0,77.0,79.0,5
102,30,186,81,Belgium,85,31500000,110000,Right,3,LDM,73.0,74.0,79.0,83.0,81.0,4
103,28,180,80,Brazil,85,33000000,155000,Left,3,LB,83.0,65.0,80.0,82.0,82.0,3
104,31,176,67,Spain,85,34500000,49000,Left,2,RS,78.0,84.0,85.0,35.0,64.0,3
105,27,176,74,Spain,85,40500000,88000,Right,3,RM,68.0,75.0,82.0,74.0,79.0,3
107,28,175,74,Brazil,85,38000000,110000,Right,2,RCM,75.0,71.0,84.0,85.0,84.0,4
108,19,180,76,England,84,44500000,61000,Right,2,RM,88.0,72.0,90.0,36.0,60.0,5
110,22,178,67,France,84,42500000,195000,Left,3,SUB,93.0,79.0,87.0,36.0,57.0,5
112,25,182,74,Portugal,84,36500000,150000,Right,2,SUB,90.0,65.0,84.0,78.0,71.0,4
113,23,188,80,England,84,41500000,115000,Right,3,CAM,72.0,81.0,82.0,71.0,79.0,4
114,23,182,76,France,84,37500000,110000,Left,3,LCB,81.0,54.0,71.0,83.0,82.0,2
115,22,171,73,Brazil,84,41000000,180000,Right,2,SUB,69.0,71.0,86.0,73.0,70.0,4
119,23,179,75,France,84,40500000,120000,Right,2,LW,92.0,76.0,87.0,29.0,60.0,4
121,25,173,75,France,84,39000000,40000,Left,3,RM,78.0,82.0,88.0,33.0,77.0,4
123,26,183,74,Spain,84,37500000,78000,Right,2,CM,71.0,76.0,85.0,49.0,59.0,4
124,26,181,71,Brazil,84,33000000,23000,Left,3,LB,85.0,72.0,81.0,80.0,76.0,3
127,26,175,70,Brazil,84,36500000,125000,Right,3,RM,89.0,77.0,89.0,55.0,61.0,4
128,36,188,81,Portugal,84,6500000,16000,Right,4,RCB,67.0,51.0,60.0,85.0,85.0,2
129,32,170,61,Portugal,84,23500000,125000,Right,3,LCM,56.0,75.0,82.0,71.0,67.0,3
134,32,179,78,Brazil,84,20500000,71000,Right,3,LDM,62.0,66.0,78.0,83.0,73.0,3
136,30,192,86,Spain,84,25500000,125000,Right,3,SUB,48.0,55.0,63.0,86.0,83.0,2
144,29,178,76,Spain,84,25500000,145000,Right,3,RB,70.0,55.0,73.0,85.0,76.0,2
145,32,178,73,Spain,84,24000000,96000,Right,3,RM,89.0,78.0,83.0,47.0,64.0,3
147,30,183,80,Brazil,84,29000000,43000,Right,3,LCM,72.0,81.0,80.0,78.0,85.0,4
148,29,183,70,England,84,25500000,165000,Right,3,RB,91.0,63.0,77.0,81.0,81.0,2
149,28,176,65,Spain,84,31500000,44000,Left,2,RCM,78.0,79.0,81.0,51.0,66.0,4
150,28,172,70,Brazil,84,31500000,155000,Left,3,SUB,94.0,73.0,91.0,43.0,61.0,5
151,29,177,72,Portugal,84,30500000,26000,Right,3,RM,77.0,77.0,81.0,63.0,68.0,3
156,30,190,83,Brazil,84,25000000,74000,Right,3,LCB,64.0,41.0,60.0,84.0,87.0,2
157,23,189,70,Spain,83,36000000,76000,Left,1,LCM,65.0,78.0,83.0,74.0,69.0,4
160,20,180,69,England,83,32000000,78000,Right,1,RB,80.0,62.0,78.0,78.0,70.0,3
163,23,184,76,France,83,34500000,140000,Right,3,ST,89.0,81.0,86.0,41.0,71.0,4
164,25,190,80,Brazil,83,34500000,38000,Left,2,RW,77.0,82.0,81.0,57.0,72.0,4
166,24,181,81,France,83,34000000,110000,Right,2,RCM,69.0,77.0,78.0,76.0,79.0,3
168,22,179,68,Portugal,83,34500000,46000,Right,2,LM,90.0,79.0,84.0,36.0,70.0,4
171,21,186,70,England,83,35500000,125000,Right,2,LM,92.0,82.0,84.0,45.0,77.0,5
172,25,188,70,England,83,30000000,140000,Right,2,RCB,68.0,36.0,72.0,84.0,77.0,3
174,23,171,69,Spain,83,29500000,18000,Left,3,LB,85.0,63.0,84.0,77.0,71.0,3
176,23,171,62,France,83,34000000,64000,Left,3,LM,83.0,76.0,85.0,59.0,67.0,4
178,23,182,76,Spain,83,34000000,180000,Left,3,SUB,81.0,80.0,84.0,43.0,62.0,4
179,25,178,74,France,83,28500000,97000,Left,2,LB,78.0,69.0,79.0,80.0,76.0,3
182,25,180,71,Belgium,83,32500000,23000,Right,3,LM,90.0,80.0,87.0,39.0,64.0,4
183,26,187,86,Spain,83,32500000,41000,Right,1,ST,67.0,83.0,76.0,35.0,82.0,3
186,25,175,72,Spain,83,32000000,105000,Right,2,ST,79.0,84.0,80.0,36.0,63.0,3
189,27,187,83,Portugal,83,27500000,35000,Right,3,CDM,42.0,57.0,74.0,79.0,85.0,3
192,27,181,71,Brazil,83,29500000,29000,Right,3,RCM,74.0,76.0,81.0,55.0,50.0,4
194,28,184,73,Spain,83,25500000,36000,Right,3,RCB,73.0,61.0,72.0,82.0,74.0,3
195,27,174,70,Spain,83,29500000,105000,Left,2,SUB,75.0,76.0,84.0,57.0,57.0,4
197,26,174,70,Brazil,83,31000000,130000,Right,3,SUB,92.0,79.0,87.0,42.0,66.0,4
198,26,179,70,France,83,30500000,60000,Left,2,RW,83.0,80.0,83.0,41.0,69.0,4
203,33,190,85,Belgium,83,12000000,31000,Right,4,LCB,50.0,53.0,64.0,84.0,79.0,2
210,32,189,90,Argentina,83,16500000,48000,Right,3,RCB,43.0,60.0,62.0,82.0,81.0,2
213,31,174,71,Argentina,83,19500000,26000,Right,3,RCM,61.0,73.0,82.0,77.0,70.0,4
214,30,188,86,Spain,83,25000000,80000,Right,4,SUB,73.0,82.0,75.0,49.0,85.0,2
216,32,189,86,Brazil,83,16500000,105000,Right,4,LCB,61.0,65.0,70.0,82.0,77.0,3
218,29,182,80,England,83,22000000,115000,Right,2,RCM,64.0,70.0,77.0,78.0,80.0,3
221,29,179,75,Spain,83,22000000,42000,Right,2,RCM,54.0,71.0,79.0,80.0,71.0,3
224,31,183,81,Argentina,83,19000000,145000,Right,3,SUB,56.0,57.0,59.0,83.0,78.0,2
228,28,182,77,Spain,83,27000000,60000,Left,2,LS,90.0,80.0,82.0,44.0,70.0,4
230,28,170,68,France,83,27000000,67000,Right,2,RS,84.0,82.0,85.0,39.0,61.0,4
232,27,188,83,Portugal,83,24000000,21000,Right,3,LCM,65.0,63.0,74.0,82.0,85.0,3
234,27,188,83,Brazil,83,27500000,60000,Right,1,ST,81.0,84.0,72.0,33.0,75.0,4
236,27,177,75,Brazil,83,27000000,51000,Right,1,RM,87.0,77.0,84.0,35.0,72.0,4
237,22,181,78,Spain,82,31000000,39000,Left,1,LW,75.0,82.0,83.0,39.0,61.0,3
239,22,175,73,Brazil,82,31000000,140000,Right,2,SUB,85.0,80.0,86.0,39.0,71.0,4
245,22,180,80,Portugal,82,29000000,89000,Right,2,CM,62.0,74.0,76.0,70.0,73.0,3
249,25,177,67,Portugal,82,26000000,150000,Right,2,RB,92.0,57.0,81.0,77.0,75.0,4
253,24,171,68,Argentina,82,29000000,59000,Right,1,SUB,83.0,80.0,86.0,54.0,65.0,4
254,25,186,79,Spain,82,29000000,36000,Right,2,RW,94.0,80.0,80.0,41.0,82.0,4
256,24,173,74,Portugal,82,29000000,47000,Right,3,RM,95.0,71.0,86.0,47.0,61.0,5
261,25,176,70,Spain,82,27000000,56000,Left,3,RS,78.0,76.0,87.0,33.0,53.0,4
265,25,175,70,Portugal,82,23500000,89000,Right,3,RB,86.0,64.0,81.0,79.0,73.0,3
266,26,172,65,Argentina,82,23500000,27000,Left,2,LB,81.0,57.0,76.0,80.0,81.0,3
269,26,170,66,Spain,82,26000000,35000,Right,2,LW,80.0,72.0,87.0,51.0,58.0,4
273,27,189,93,Brazil,82,26000000,44000,Right,2,ST,69.0,82.0,75.0,40.0,81.0,4
278,28,187,79,Brazil,82,21500000,46000,Right,2,LCB,71.0,49.0,65.0,83.0,81.0,2
280,26,194,100,England,82,23000000,125000,Right,1,LCB,50.0,53.0,69.0,81.0,84.0,2
281,26,175,71,Belgium,82,26000000,90000,Right,2,LM,82.0,77.0,86.0,47.0,64.0,4
285,26,172,66,Portugal,82,26000000,21000,Right,2,LM,93.0,71.0,86.0,50.0,52.0,4
288,38,182,78,Spain,82,8000000,29000,Right,3,ST,61.0,82.0,75.0,49.0,74.0,3
289,33,170,60,Spain,82,13500000,26000,Right,2,RB,87.0,69.0,83.0,69.0,53.0,4
290,34,168,65,Spain,82,11000000,45000,Right,3,CAM,56.0,73.0,83.0,65.0,58.0,4
292,33,178,63,Argentina,82,11000000,49000,Right,3,CM,55.0,63.0,81.0,77.0,68.0,3
295,31,170,63,Spain,82,19500000,135000,Left,3,SUB,62.0,74.0,83.0,36.0,47.0,4
296,32,193,92,France,82,17500000,140000,Left,3,SUB,46.0,81.0,72.0,42.0,79.0,3
298,30,175,78,Brazil,82,21000000,140000,Right,3,SUB,85.0,78.0,85.0,49.0,60.0,4
302,29,172,68,Brazil,82,21500000,59000,Right,2,CAM,81.0,77.0,83.0,46.0,75.0,4
306,31,172,64,Brazil,82,19500000,1000,Right,2,LAM,92.0,79.0,86.0,47.0,69.0,4
309,31,169,65,Spain,82,19500000,140000,Right,3,RW,75.0,77.0,84.0,43.0,56.0,4
312,29,182,73,Spain,82,21500000,100000,Right,3,LCM,70.0,72.0,80.0,82.0,77.0,3
317,27,191,90,Belgium,82,20000000,87000,Right,2,SUB,79.0,75.0,75.0,78.0,84.0,3
319,26,175,62,England,82,24000000,135000,Right,2,CAM,80.0,78.0,83.0,58.0,72.0,4
321,32,179,74,England,82,17500000,115000,Right,3,ST,88.0,81.0,74.0,55.0,75.0,3
323,31,180,70,Spain,82,20000000,39000,Right,2,LW,89.0,81.0,85.0,58.0,69.0,4
325,35,181,82,Brazil,82,6500000,28000,Right,1,RCB,71.0,61.0,62.0,82.0,80.0,2
326,31,175,70,Brazil,82,17000000,46000,Right,1,RDM,81.0,57.0,77.0,82.0,74.0,2
329,21,174,81,Argentina,81,27000000,61000,Right,1,RS,81.0,77.0,82.0,40.0,83.0,4
330,21,175,70,France,81,26000000,59000,Right,1,LCM,79.0,71.0,83.0,66.0,67.0,4
331,22,181,76,France,81,26000000,87000,Right,1,LDM,80.0,65.0,87.0,70.0,78.0,4
337,23,178,67,Spain,81,24500000,82000,Right,1,SUB,67.0,76.0,80.0,71.0,68.0,4
339,24,172,66,Spain,81,21000000,35000,Left,2,LB,85.0,61.0,80.0,75.0,69.0,4
340,22,175,66,Brazil,81,24000000,26000,Left,2,LAM,87.0,73.0,87.0,36.0,65.0,5
344,26,174,71,Brazil,81,22000000,160000,Left,2,SUB,67.0,76.0,84.0,68.0,60.0,4
347,23,181,75,England,81,20000000,97000,Left,2,LB,82.0,54.0,80.0,80.0,78.0,3
353,26,181,79,France,81,22000000,41000,Right,2,LS,76.0,81.0,78.0,39.0,74.0,4
357,25,170,71,Portugal,81,21500000,79000,Left,3,SUB,73.0,75.0,85.0,66.0,57.0,4
358,26,179,73,Portugal,81,21500000,74000,Right,3,RES,69.0,69.0,83.0,64.0,67.0,4
359,27,177,80,Brazil,81,19000000,73000,Right,1,RCM,78.0,70.0,79.0,77.0,74.0,4
367,27,180,77,Spain,81,21000000,45000,Left,1,ST,76.0,79.0,78.0,45.0,69.0,3
369,35,175,67,Portugal,81,8000000,59000,Right,3,RM,77.0,73.0,86.0,24.0,63.0,5
370,35,189,84,France,81,5500000,13000,Left,3,LCB,68.0,64.0,62.0,83.0,81.0,2
371,33,175,70,England,81,10500000,105000,Right,2,SUB,61.0,70.0,77.0,77.0,78.0,3
372,36,174,72,Argentina,81,6500000,25000,Right,2,LS,75.0,82.0,80.0,50.0,70.0,4
374,31,185,85,Belgium,81,15000000,23000,Left,3,CM,73.0,68.0,87.0,77.0,80.0,4
375,32,179,77,Spain,81,13500000,50000,Right,4,LCM,53.0,73.0,77.0,60.0,56.0,3
377,33,186,75,France,81,8500000,39000,Right,3,CB,60.0,43.0,64.0,82.0,74.0,2
378,33,192,86,Brazil,81,8500000,18000,Right,2,SUB,55.0,42.0,53.0,82.0,79.0,2
379,31,186,86,Brazil,81,15000000,28000,Right,2,LAM,67.0,73.0,79.0,71.0,72.0,4
380,35,187,81,Portugal,81,5500000,32000,Right,3,RCB,36.0,38.0,60.0,81.0,76.0,2
383,32,172,70,France,81,14000000,48000,Right,3,RS,85.0,79.0,77.0,43.0,67.0,3
384,32,175,77,France,81,14000000,46000,Right,3,LW,71.0,77.0,81.0,38.0,67.0,4
385,32,177,76,Spain,81,13500000,32000,Right,2,LCM,49.0,73.0,74.0,67.0,71.0,3
389,29,187,91,France,81,17000000,105000,Right,2,SUB,80.0,70.0,79.0,79.0,89.0,3
391,31,183,76,Brazil,81,13500000,22000,Right,2,CDM,61.0,62.0,70.0,81.0,82.0,3
392,31,173,66,Argentina,81,15500000,13000,Left,3,CAM,78.0,72.0,82.0,41.0,58.0,4
394,31,187,78,Brazil,81,13500000,42000,Left,3,CDM,58.0,60.0,69.0,80.0,82.0,3
397,28,188,87,Spain,81,15000000,115000,Left,2,SUB,66.0,73.0,77.0,79.0,79.0,3
399,28,185,80,Portugal,81,15000000,18000,Right,2,RB,68.0,63.0,75.0,82.0,82.0,3
402,30,186,82,Argentina,81,16500000,24000,Left,2,LCM,56.0,78.0,81.0,58.0,72.0,4
404,29,180,80,Spain,81,17000000,33000,Right,2,RCM,42.0,69.0,75.0,78.0,79.0,3
405,27,172,69,Argentina,81,18500000,21000,Left,2,LW,76.0,74.0,86.0,76.0,84.0,4
406,31,171,63,Brazil,81,15500000,40000,Left,1,LM,82.0,72.0,83.0,26.0,51.0,4
411,19,181,70,Portugal,80,28000000,38000,Right,1,RS,82.0,80.0,81.0,40.0,70.0,5
413,22,188,77,England,80,20000000,73000,Right,1,RCB,81.0,30.0,68.0,79.0,76.0,3
416,22,176,72,Belgium,80,20500000,76000,Right,2,RCM,63.0,78.0,78.0,68.0,67.0,4
417,24,184,75,Spain,80,19000000,46000,Left,1,SUB,79.0,49.0,71.0,79.0,77.0,2
418,22,180,76,Spain,80,21000000,36000,Right,1,RM,77.0,74.0,78.0,62.0,68.0,3
420,23,176,74,England,80,20000000,82000,Right,1,RDM,70.0,58.0,83.0,71.0,66.0,3
422,22,178,73,Portugal,80,20500000,84000,Right,2,LS,83.0,77.0,84.0,53.0,76.0,4
424,24,180,73,France,80,18000000,115000,Left,1,SUB,89.0,64.0,79.0,75.0,81.0,4
425,21,167,63,Spain,80,20500000,26000,Left,1,RM,82.0,71.0,82.0,55.0,61.0,3
426,22,186,82,Portugal,80,18500000,14000,Right,1,RCB,64.0,38.0,59.0,81.0,83.0,2
428,24,178,74,Spain,80,17500000,69000,Right,3,SUB,92.0,51.0,78.0,76.0,66.0,3
429,24,185,85,France,80,17500000,96000,Left,2,SUB,81.0,51.0,77.0,77.0,77.0,3
430,22,183,74,France,80,20000000,71000,Right,1,ST,82.0,77.0,76.0,30.0,81.0,4
432,23,181,77,Spain,80,20000000,29000,Right,1,LS,77.0,79.0,78.0,53.0,72.0,3
433,23,174,68,Portugal,80,20000000,19000,Left,2,LW,79.0,75.0,83.0,30.0,57.0,4
434,24,188,77,Argentina,80,20000000,53000,Right,1,CF,84.0,75.0,85.0,39.0,67.0,4
435,24,189,85,France,80,18000000,85000,Right,2,RES,66.0,48.0,74.0,79.0,85.0,3
439,25,180,71,Spain,80,19000000,33000,Right,2,LCM,45.0,69.0,80.0,66.0,67.0,4
440,24,190,96,France,80,17500000,85000,Right,2,LCB,64.0,51.0,55.0,78.0,83.0,2
441,25,180,75,Argentina,80,19000000,79000,Right,2,SUB,71.0,67.0,79.0,72.0,74.0,4
444,25,188,84,Portugal,80,17500000,76000,Right,3,LDM,65.0,71.0,80.0,73.0,80.0,4
447,24,172,70,France,80,19000000,29000,Right,2,LCM,64.0,73.0,80.0,75.0,62.0,3
448,24,183,78,Spain,80,17500000,23000,Right,2,RCB,62.0,49.0,61.0,81.0,74.0,2
449,25,188,82,Spain,80,19500000,31000,Right,1,SUB,77.0,79.0,78.0,31.0,72.0,3
451,25,175,70,England,80,18500000,90000,Right,2,SUB,82.0,73.0,84.0,66.0,73.0,4
452,26,179,70,Spain,80,18000000,31000,Right,1,CDM,61.0,73.0,77.0,73.0,72.0,4
454,25,177,73,Spain,80,19000000,78000,Right,3,RS,88.0,73.0,87.0,30.0,56.0,4
457,26,191,82,England,80,16500000,80000,Right,2,RCB,60.0,49.0,66.0,80.0,79.0,2
459,24,182,67,Spain,80,19000000,40000,Left,2,SUB,82.0,73.0,82.0,43.0,52.0,4
465,26,167,59,Argentina,80,18000000,88000,Right,2,LM,77.0,72.0,85.0,32.0,50.0,4
469,26,195,80,Belgium,80,18000000,30000,Right,1,CAM,48.0,76.0,77.0,65.0,73.0,4
472,25,187,82,Brazil,80,18000000,17000,Left,1,RCM,63.0,74.0,79.0,76.0,83.0,3
473,27,180,66,England,80,17500000,81000,Right,1,ST,87.0,78.0,77.0,39.0,75.0,4
478,28,182,77,Spain,80,14500000,29000,Left,2,LCB,70.0,56.0,61.0,80.0,78.0,2
479,27,178,70,Spain,80,17500000,38000,Right,1,SUB,81.0,78.0,81.0,58.0,75.0,3
480,27,178,75,Spain,80,16500000,39000,Right,2,LDM,60.0,73.0,77.0,70.0,66.0,4
487,37,179,75,Spain,80,5000000,22000,Right,2,LM,66.0,78.0,82.0,44.0,56.0,4
488,33,176,83,England,80,9500000,13000,Right,4,ST,64.0,81.0,76.0,56.0,76.0,3
490,32,177,70,Portugal,80,11500000,13000,Right,3,LW,72.0,75.0,86.0,37.0,62.0,5
491,35,174,73,Argentina,80,4700000,13000,Right,4,CDM,66.0,53.0,68.0,79.0,75.0,2
494,33,187,91,France,80,9500000,88000,Right,3,ST,69.0,82.0,71.0,43.0,83.0,3
495,37,188,72,Spain,80,5500000,25000,Right,1,LS,39.0,83.0,70.0,41.0,70.0,3
497,33,181,80,France,80,7000000,37000,Right,2,LCB,52.0,58.0,66.0,81.0,76.0,2
503,28,174,76,England,80,12500000,90000,Left,3,LB,77.0,62.0,79.0,80.0,75.0,3
504,27,184,80,Argentina,80,15500000,94000,Left,2,SUB,75.0,77.0,82.0,51.0,72.0,4
505,32,184,83,Spain,80,11500000,30000,Right,2,CAM,47.0,82.0,77.0,72.0,81.0,3
506,36,198,91,Brazil,80,3000000,30000,Right,3,SUB,53.0,65.0,60.0,81.0,71.0,2
509,32,183,73,Spain,80,11500000,30000,Right,2,RM,60.0,78.0,81.0,45.0,59.0,4
510,34,180,76,Argentina,80,7500000,13000,Right,2,SUB,73.0,81.0,85.0,55.0,75.0,5
513,34,165,63,France,80,7500000,1000,Right,3,CAM,77.0,75.0,82.0,34.0,48.0,3
516,30,190,87,France,80,12000000,68000,Right,2,LDM,52.0,71.0,73.0,78.0,77.0,3
517,32,176,70,Portugal,80,9000000,27000,Left,2,LB,75.0,69.0,76.0,77.0,72.0,4
519,32,195,85,Argentina,80,9500000,45000,Right,3,RCB,33.0,41.0,53.0,82.0,81.0,2
522,30,179,70,Argentina,80,14000000,54000,Right,3,SUB,75.0,70.0,86.0,42.0,57.0,4
523,31,187,91,Argentina,80,13500000,33000,Right,2,LS,71.0,79.0,75.0,58.0,86.0,4
525,28,173,71,England,80,12500000,56000,Right,2,RB,74.0,60.0,76.0,78.0,72.0,3
526,28,180,73,Argentina,80,13000000,44000,Right,3,RCB,66.0,47.0,67.0,83.0,72.0,3
527,29,182,80,France,80,12500000,38000,Right,2,LDM,70.0,61.0,74.0,75.0,78.0,3
531,28,177,74,France,80,14500000,43000,Right,2,LCM,70.0,66.0,78.0,78.0,77.0,3
532,32,179,92,Brazil,80,11500000,23000,Left,4,RW,78.0,85.0,80.0,47.0,86.0,4
536,28,172,66,Argentina,80,15000000,31000,Right,2,SUB,86.0,75.0,84.0,58.0,68.0,4
539,28,182,77,Argentina,80,15000000,78000,Right,2,LM,75.0,73.0,83.0,61.0,67.0,4
546,29,177,72,Spain,80,14500000,31000,Right,1,SUB,76.0,79.0,81.0,59.0,67.0,4
548,27,178,65,Spain,80,15500000,30000,Right,2,SUB,89.0,75.0,81.0,48.0,61.0,4
549,29,177,78,Brazil,80,12000000,1000,Left,1,LB,82.0,66.0,81.0,75.0,75.0,4
554,27,170,73,Spain,80,15500000,12000,Right,1,CAM,66.0,73.0,83.0,50.0,60.0,4
556,26,164,60,Brazil,80,16000000,88000,Right,2,LM,87.0,69.0,85.0,38.0,44.0,4
559,29,183,83,Argentina,80,12500000,29000,Right,1,RCM,55.0,58.0,78.0,75.0,83.0,4
560,27,179,76,Spain,80,15500000,56000,Left,1,LM,87.0,70.0,80.0,52.0,68.0,3
568,18,176,73,Brazil,79,22500000,60000,Right,2,RW,93.0,70.0,85.0,29.0,63.0,5
570,21,180,72,Brazil,79,20500000,32000,Left,1,CAM,76.0,75.0,81.0,60.0,77.0,4
571,21,183,72,England,79,17500000,71000,Right,1,RB,87.0,50.0,78.0,80.0,72.0,4
574,23,186,83,Spain,79,18500000,29000,Left,1,LCM,69.0,73.0,80.0,71.0,74.0,3
578,21,179,72,Spain,79,18500000,1000,Right,1,LCM,80.0,76.0,82.0,48.0,61.0,4
580,22,173,67,France,79,17500000,45000,Right,2,SUB,93.0,70.0,87.0,23.0,63.0,5
581,23,174,78,Argentina,79,17500000,11000,Right,1,SUB,91.0,76.0,79.0,49.0,74.0,4
587,22,184,74,Spain,79,16000000,26000,Left,1,RCM,61.0,62.0,73.0,73.0,68.0,3
588,20,196,90,France,79,16000000,48000,Left,1,SUB,62.0,34.0,50.0,80.0,80.0,2
590,24,180,72,Spain,79,17500000,16000,Right,1,LS,72.0,81.0,73.0,35.0,71.0,3
591,23,191,88,England,79,17000000,89000,Right,1,SUB,70.0,67.0,81.0,62.0,79.0,4
596,23,186,79,France,79,15500000,61000,Left,2,SUB,77.0,37.0,76.0,78.0,76.0,3
599,22,178,77,England,79,15500000,65000,Left,1,LB,78.0,49.0,77.0,76.0,75.0,3
602,22,184,78,Spain,79,15500000,110000,Left,1,SUB,85.0,64.0,74.0,75.0,76.0,3
603,24,173,66,England,79,16500000,53000,Right,2,RCM,60.0,71.0,77.0,62.0,64.0,3
604,24,186,76,Belgium,79,17000000,32000,Left,1,RW,76.0,76.0,82.0,29.0,56.0,4
605,24,172,71,Brazil,79,17000000,15000,Right,1,SUB,75.0,69.0,84.0,45.0,62.0,4
609,23,175,69,Spain,79,17000000,20000,Left,2,RW,84.0,77.0,81.0,35.0,66.0,4
610,22,175,69,Spain,79,15000000,91000,Left,2,SUB,85.0,64.0,81.0,72.0,78.0,4
611,22,175,73,England,79,17000000,72000,Right,1,LW,75.0,72.0,79.0,39.0,57.0,4
613,22,181,71,Brazil,79,17000000,72000,Right,1,RM,84.0,77.0,81.0,45.0,79.0,4
615,22,176,68,Brazil,79,17000000,16000,Left,1,RW,89.0,74.0,82.0,49.0,70.0,4
616,25,190,90,England,79,14500000,77000,Right,2,SUB,54.0,63.0,64.0,80.0,84.0,2
617,24,172,67,Belgium,79,16500000,53000,Right,1,LW,83.0,80.0,82.0,30.0,62.0,4
619,24,180,73,France,79,16000000,36000,Right,2,LCM,75.0,73.0,77.0,70.0,75.0,4
621,24,178,73,France,79,14500000,55000,Right,1,RB,74.0,61.0,75.0,77.0,73.0,3
624,25,185,87,England,79,16000000,98000,Right,2,SUB,70.0,73.0,80.0,56.0,73.0,4
626,26,192,81,England,79,14000000,39000,Right,1,RCB,58.0,45.0,63.0,79.0,78.0,2
630,25,185,88,Belgium,79,16000000,110000,Right,2,SUB,76.0,79.0,78.0,33.0,72.0,4
634,24,173,63,Portugal,79,16000000,18000,Right,1,LW,76.0,76.0,81.0,42.0,55.0,3
640,28,186,81,Argentina,79,12500000,55000,Right,1,LCB,56.0,49.0,56.0,80.0,76.0,2
642,28,195,97,France,79,12500000,80000,Right,1,LCB,64.0,35.0,61.0,78.0,82.0,2
646,26,186,86,Brazil,79,13500000,19000,Right,2,SUB,77.0,44.0,68.0,78.0,80.0,3
650,29,187,83,France,79,12000000,58000,Left,3,SUB,53.0,33.0,56.0,78.0,83.0,2
653,29,185,80,Spain,79,12000000,28000,Right,1,RCB,53.0,45.0,48.0,80.0,79.0,2
654,27,185,71,England,79,12500000,100000,Right,2,SUB,55.0,51.0,58.0,78.0,76.0,2
657,27,178,78,France,79,12500000,32000,Right,1,RWB,79.0,54.0,77.0,74.0,76.0,3
660,27,171,62,France,79,14000000,38000,Right,1,RES,71.0,69.0,79.0,66.0,68.0,4
665,37,175,69,Spain,79,4500000,10000,Right,3,LS,65.0,81.0,80.0,34.0,67.0,4
669,35,188,85,Brazil,79,3800000,25000,Left,3,LCB,36.0,52.0,63.0,80.0,76.0,2
670,33,176,76,France,79,5500000,35000,Right,3,RB,69.0,67.0,75.0,78.0,73.0,3
671,34,173,75,Argentina,79,6500000,21000,Right,3,SUB,84.0,79.0,83.0,40.0,71.0,4
672,34,175,73,Spain,79,6500000,65000,Right,3,RES,48.0,69.0,82.0,66.0,60.0,4
675,33,178,75,Argentina,79,7500000,11000,Right,2,CAM,58.0,79.0,79.0,41.0,66.0,3
679,32,189,77,Spain,79,8000000,15000,Left,3,LCB,65.0,46.0,59.0,79.0,75.0,2
681,33,177,71,Argentina,79,7500000,19000,Right,2,LDM,68.0,70.0,78.0,71.0,74.0,4
683,33,180,77,Spain,79,5500000,76000,Left,2,LB,63.0,61.0,74.0,80.0,68.0,3
685,31,180,78,Spain,79,11000000,33000,Right,2,SUB,47.0,74.0,76.0,67.0,67.0,4
689,31,178,73,England,79,11000000,89000,Right,3,SUB,67.0,71.0,82.0,62.0,65.0,4
690,31,187,84,France,79,11500000,36000,Right,2,LS,74.0,78.0,72.0,35.0,80.0,3
692,29,180,80,Spain,79,10500000,27000,Left,2,LB,80.0,64.0,74.0,78.0,81.0,3
693,33,177,69,Brazil,79,5500000,64000,Right,1,RB,82.0,64.0,76.0,71.0,76.0,3
699,29,174,72,Brazil,79,12500000,30000,Right,3,RS,92.0,76.0,82.0,42.0,72.0,4
703,27,172,68,England,79,13000000,83000,Left,3,LCM,64.0,68.0,81.0,63.0,66.0,3
705,29,182,77,Spain,79,10500000,27000,Left,1,LB,69.0,54.0,74.0,79.0,69.0,3
706,29,174,69,Spain,79,12500000,56000,Left,3,RF,75.0,74.0,84.0,41.0,54.0,4
707,30,187,78,Argentina,79,11500000,47000,Right,3,SUB,62.0,73.0,82.0,56.0,58.0,4
708,30,191,89,Brazil,79,10000000,42000,Right,2,RCB,53.0,55.0,54.0,79.0,83.0,2
710,29,180,83,Brazil,79,12500000,33000,Right,2,ST,81.0,77.0,77.0,49.0,76.0,4
712,29,176,72,Spain,79,10500000,20000,Left,1,SUB,72.0,63.0,71.0,79.0,72.0,3
719,33,178,77,Argentina,79,6000000,26000,Right,2,RDM,67.0,71.0,75.0,75.0,78.0,3
721,27,184,78,Brazil,79,11000000,90000,Right,2,SUB,71.0,70.0,74.0,78.0,76.0,3
722,31,189,89,France,79,9500000,29000,Left,2,LCB,49.0,53.0,56.0,79.0,84.0,2
735,27,170,65,Spain,79,11000000,34000,Right,1,RB,83.0,71.0,81.0,75.0,69.0,4
737,29,177,80,Argentina,79,12500000,46000,Right,2,ST,80.0,80.0,75.0,38.0,73.0,3
738,32,181,72,Argentina,79,8000000,24000,Right,1,LCB,68.0,41.0,59.0,80.0,74.0,2
739,29,187,80,Brazil,79,10500000,18000,Left,1,SUB,51.0,54.0,57.0,79.0,83.0,2
743,28,183,81,Spain,79,12500000,26000,Right,1,LCM,64.0,73.0,71.0,80.0,82.0,3
744,35,177,75,Brazil,79,3600000,27000,Right,1,RB,79.0,51.0,78.0,77.0,67.0,3
745,31,182,79,Brazil,79,9500000,30000,Left,1,RCB,70.0,48.0,52.0,79.0,78.0,2
748,31,176,73,Brazil,79,11500000,48000,Right,1,ST,84.0,79.0,80.0,27.0,66.0,4
757,21,171,64,Argentina,78,16000000,18000,Right,1,CAM,87.0,66.0,83.0,63.0,62.0,4
758,22,192,78,Portugal,78,14500000,12000,Right,1,LCB,54.0,43.0,63.0,80.0,76.0,2
761,22,194,92,France,78,14000000,59000,Right,2,LCB,67.0,36.0,55.0,79.0,79.0,2
763,21,175,73,France,78,15500000,29000,Left,1,RM,89.0,70.0,82.0,33.0,60.0,4
766,23,175,72,France,78,14500000,35000,Right,1,LM,89.0,75.0,82.0,36.0,62.0,4
772,24,189,88,Belgium,78,14000000,66000,Right,2,RCM,67.0,72.0,71.0,78.0,83.0,2
775,22,186,81,Brazil,78,14500000,41000,Right,1,RS,78.0,75.0,76.0,43.0,81.0,3
776,23,163,65,Portugal,78,14000000,1000,Right,1,LM,93.0,63.0,84.0,33.0,51.0,4
778,22,178,68,Spain,78,12500000,24000,Left,1,LB,72.0,47.0,76.0,77.0,65.0,3
783,24,175,63,Spain,78,13500000,17000,Right,3,SUB,67.0,66.0,82.0,63.0,52.0,3
785,25,178,70,Argentina,78,14000000,21000,Right,1,LCM,75.0,73.0,82.0,35.0,63.0,4
788,24,188,75,Belgium,78,14000000,77000,Right,2,SUB,82.0,76.0,75.0,27.0,74.0,4
796,24,184,74,Spain,78,13500000,17000,Right,1,SUB,63.0,74.0,76.0,67.0,67.0,4
797,22,185,83,France,78,12500000,50000,Right,2,CDM,62.0,53.0,64.0,79.0,83.0,2
800,25,188,89,England,78,12000000,37000,Right,1,CB,59.0,28.0,57.0,78.0,80.0,2
802,25,176,69,Spain,78,13000000,25000,Right,2,LM,76.0,72.0,83.0,59.0,56.0,3
813,24,187,79,Brazil,78,12000000,13000,Right,1,RCB,66.0,42.0,57.0,79.0,76.0,2
815,27,187,91,France,78,11000000,36000,Right,1,LCB,60.0,37.0,54.0,76.0,83.0,2
818,25,187,80,France,78,13000000,43000,Right,1,LCM,66.0,61.0,78.0,75.0,83.0,3
822,26,176,75,Argentina,78,11500000,14000,Right,1,SUB,90.0,41.0,76.0,73.0,79.0,3
823,25,178,72,Spain,78,13000000,79000,Right,1,RW,76.0,75.0,81.0,54.0,66.0,4
826,26,172,75,Argentina,78,13000000,10000,Left,1,CAM,88.0,75.0,83.0,34.0,62.0,4
829,28,189,89,France,78,10500000,41000,Right,2,SUB,49.0,57.0,65.0,78.0,79.0,2
830,27,192,88,England,78,11000000,46000,Right,1,CB,46.0,40.0,61.0,78.0,77.0,2
832,27,175,80,Brazil,78,11000000,20000,Right,1,RAM,73.0,66.0,73.0,74.0,75.0,3
834,26,188,75,France,78,11000000,31000,Right,1,RCB,64.0,46.0,62.0,78.0,74.0,2
835,26,181,76,Spain,78,11500000,30000,Right,1,LDM,63.0,61.0,76.0,74.0,76.0,3
836,24,173,70,Portugal,78,13000000,19000,Right,2,LW,90.0,72.0,84.0,32.0,63.0,4
840,28,188,84,Belgium,78,10000000,61000,Right,1,SUB,70.0,50.0,62.0,78.0,77.0,2
843,27,181,78,Portugal,78,11500000,15000,Right,1,RCM,58.0,76.0,76.0,67.0,66.0,3
852,27,170,67,France,78,12000000,34000,Right,1,CAM,76.0,74.0,79.0,50.0,59.0,4
855,26,175,70,France,78,12000000,43000,Right,1,LS,75.0,71.0,81.0,33.0,58.0,3
862,35,171,77,Argentina,78,4500000,19000,Right,3,CF,68.0,77.0,78.0,45.0,71.0,4
863,34,179,71,Argentina,78,5000000,34000,Right,2,RCM,69.0,69.0,80.0,63.0,65.0,4
864,34,174,69,Brazil,78,5500000,33000,Right,2,SUB,62.0,76.0,84.0,44.0,62.0,4
866,36,180,79,Argentina,78,2100000,17000,Left,2,SUB,68.0,53.0,68.0,77.0,77.0,2
867,32,175,77,Argentina,78,8500000,28000,Right,2,SUB,77.0,80.0,85.0,42.0,68.0,4
869,35,192,85,France,78,4800000,21000,Right,2,LS,47.0,79.0,71.0,44.0,79.0,3
872,33,183,80,Belgium,78,4900000,10000,Left,3,LCB,64.0,61.0,60.0,77.0,69.0,2
873,32,188,83,Argentina,78,6500000,33000,Right,2,RCB,75.0,56.0,52.0,78.0,77.0,2
874,32,175,75,France,78,8000000,23000,Right,3,RCM,72.0,72.0,80.0,37.0,51.0,4
877,29,179,80,England,78,8500000,53000,Left,2,LWB,76.0,53.0,76.0,76.0,70.0,3
881,31,175,72,Belgium,78,9000000,39000,Right,2,SUB,60.0,71.0,76.0,74.0,68.0,3
882,31,182,72,Belgium,78,9000000,75000,Right,2,RES,76.0,73.0,80.0,43.0,61.0,4
883,33,182,74,Spain,78,6000000,27000,Left,1,LCM,44.0,69.0,71.0,77.0,77.0,2
884,32,177,74,Spain,78,6500000,24000,Right,2,RB,74.0,66.0,74.0,78.0,72.0,3
886,32,181,76,Argentina,78,8000000,45000,Left,2,LM,75.0,62.0,79.0,76.0,70.0,4
898,32,191,85,Brazil,78,6500000,58000,Right,2,SUB,51.0,49.0,55.0,77.0,87.0,2
904,31,183,90,England,78,9500000,69000,Right,2,LS,57.0,79.0,71.0,37.0,85.0,2
909,30,163,63,Argentina,78,10000000,30000,Left,2,SUB,84.0,72.0,79.0,47.0,54.0,3
911,35,184,73,Spain,78,4300000,25000,Left,3,RDM,31.0,71.0,70.0,76.0,62.0,3
912,30,175,69,Portugal,78,9500000,75000,Right,3,RES,58.0,74.0,76.0,70.0,65.0,3
913,30,187,79,Spain,78,9500000,26000,Right,2,SUB,43.0,69.0,64.0,79.0,80.0,2
914,28,185,73,England,78,10500000,72000,Right,3,SUB,77.0,74.0,77.0,43.0,74.0,3
918,28,186,72,France,78,10500000,45000,Right,2,LCM,54.0,75.0,76.0,62.0,69.0,4
919,29,183,75,Spain,78,9000000,44000,Right,2,SUB,54.0,60.0,68.0,79.0,72.0,2
920,30,179,72,Brazil,78,8500000,63000,Right,1,LDM,72.0,64.0,75.0,73.0,72.0,3
924,30,180,80,Portugal,78,8500000,17000,Right,2,SUB,39.0,53.0,61.0,78.0,73.0,2
928,31,190,80,Spain,78,9000000,33000,Right,2,SUB,35.0,69.0,69.0,77.0,79.0,3
930,28,172,78,Brazil,78,9000000,61000,Right,2,SUB,79.0,60.0,79.0,75.0,78.0,4
931,29,183,82,England,78,8500000,37000,Left,1,LCB,61.0,42.0,62.0,79.0,80.0,2
935,28,180,76,France,78,10500000,42000,Right,2,RDM,70.0,64.0,75.0,77.0,82.0,3
936,29,178,82,England,78,10000000,79000,Right,2,SUB,85.0,72.0,78.0,56.0,82.0,4
940,28,185,82,England,78,9000000,61000,Right,1,RCB,53.0,34.0,60.0,78.0,75.0,2
945,28,173,69,Spain,78,9000000,25000,Right,2,RB,68.0,39.0,73.0,75.0,74.0,3
946,27,178,73,England,78,11000000,55000,Left,2,RM,78.0,77.0,80.0,38.0,69.0,4
951,28,180,82,France,78,9000000,32000,Right,2,RDM,63.0,55.0,70.0,79.0,76.0,2
953,32,175,72,Spain,78,8000000,19000,Right,3,SUB,68.0,77.0,78.0,45.0,64.0,4
957,29,187,85,Argentina,78,8500000,95000,Left,3,SUB,67.0,59.0,65.0,76.0,76.0,3
960,28,179,77,France,78,10500000,48000,Left,2,SUB,86.0,78.0,82.0,36.0,55.0,4
968,29,185,74,Argentina,78,9000000,66000,Right,1,RDM,50.0,63.0,68.0,76.0,84.0,3
973,31,176,72,Argentina,78,9500000,6000,Right,1,ST,69.0,80.0,75.0,36.0,66.0,3
974,30,185,89,Argentina,78,8500000,24000,Right,1,RCB,50.0,51.0,53.0,78.0,81.0,2
975,32,192,86,Argentina,78,6500000,22000,Right,1,SUB,50.0,60.0,54.0,78.0,79.0,2
976,29,182,67,Argentina,78,10000000,27000,Left,1,RAM,74.0,72.0,79.0,65.0,71.0,4
977,29,184,81,Argentina,78,9000000,23000,Right,1,RCB,57.0,64.0,68.0,76.0,77.0,3
978,31,176,69,Brazil,78,7500000,16000,Right,1,RB,76.0,50.0,77.0,76.0,74.0,3
980,27,187,79,Argentina,78,10500000,15000,Right,1,SUB,66.0,68.0,73.0,80.0,80.0,3
984,31,168,65,Brazil,78,7500000,34000,Left,1,LB,87.0,58.0,77.0,74.0,53.0,4
985,35,174,71,Brazil,78,4500000,22000,Left,1,RCM,80.0,73.0,77.0,27.0,59.0,4
986,31,176,75,Brazil,78,7500000,29000,Right,1,RB,80.0,71.0,76.0,74.0,74.0,4
987,27,187,85,Brazil,78,9500000,27000,Right,1,CDM,72.0,62.0,69.0,76.0,81.0,2
995,20,177,66,Argentina,77,14000000,18000,Right,1,LDM,77.0,73.0,77.0,68.0,74.0,4
999,22,168,66,Argentina,77,13500000,27000,Right,1,LM,90.0,70.0,82.0,42.0,67.0,4
1000,22,187,76,Spain,77,13500000,21000,Left,1,RM,74.0,75.0,77.0,50.0,63.0,4
1001,22,187,80,Brazil,77,12500000,35000,Right,1,SUB,76.0,29.0,66.0,78.0,67.0,3
1003,23,175,68,England,77,13000000,47000,Right,1,LCM,75.0,66.0,80.0,41.0,59.0,4
1006,21,185,74,France,77,12000000,30000,Right,1,RCB,77.0,42.0,72.0,76.0,76.0,3
1007,21,179,72,France,77,13000000,34000,Right,1,SUB,77.0,74.0,80.0,69.0,65.0,3
1008,21,180,66,Brazil,77,13000000,11000,Right,1,LCM,78.0,71.0,79.0,72.0,71.0,3
1010,21,178,70,Argentina,77,12000000,13000,Left,1,LCB,75.0,55.0,74.0,77.0,76.0,3
1014,23,180,81,Argentina,77,12500000,47000,Right,2,ST,77.0,75.0,76.0,39.0,71.0,3
1020,22,175,71,England,77,12500000,52000,Right,1,SUB,70.0,63.0,78.0,66.0,69.0,3
1025,23,167,66,Argentina,77,11000000,17000,Right,1,RB,87.0,62.0,79.0,70.0,72.0,4
1029,21,182,72,Brazil,77,12500000,13000,Right,1,SUB,88.0,70.0,80.0,32.0,65.0,4
1030,23,174,66,Portugal,77,12500000,13000,Right,1,SUB,72.0,70.0,79.0,57.0,51.0,3
1034,22,187,71,England,77,12500000,68000,Right,1,ST,84.0,70.0,75.0,38.0,79.0,3
1036,21,167,58,France,77,12000000,26000,Right,1,RCM,72.0,67.0,79.0,65.0,58.0,4
1040,22,180,73,Spain,77,12000000,23000,Left,1,SUB,83.0,71.0,81.0,64.0,70.0,4
1042,24,185,74,England,77,12000000,52000,Left,1,RM,64.0,64.0,78.0,68.0,64.0,4
1044,23,178,71,Brazil,77,11500000,81000,Right,1,RM,73.0,74.0,78.0,66.0,69.0,4
1047,24,182,74,France,77,10500000,23000,Right,1,LCB,76.0,40.0,69.0,76.0,80.0,2
1049,24,180,75,France,77,11500000,28000,Right,2,CDM,76.0,75.0,78.0,74.0,78.0,4
1057,23,175,73,Spain,77,12000000,37000,Right,1,LF,79.0,68.0,79.0,63.0,66.0,3
1061,22,192,78,France,77,10500000,26000,Right,1,SUB,56.0,37.0,57.0,76.0,77.0,2
1068,24,175,70,Argentina,77,12000000,9000,Right,1,ST,88.0,76.0,78.0,29.0,63.0,3
1070,25,180,71,Spain,77,10500000,24000,Right,1,RCB,66.0,33.0,59.0,75.0,74.0,2
1073,25,173,69,England,77,11000000,50000,Right,2,LS,84.0,71.0,82.0,27.0,52.0,4
1075,24,187,84,Argentina,77,11500000,16000,Right,2,SUB,83.0,73.0,75.0,61.0,84.0,4
1076,24,177,86,Belgium,77,11500000,39000,Left,2,RES,91.0,61.0,80.0,71.0,78.0,3
1084,25,178,72,Brazil,77,10000000,47000,Left,2,LCB,82.0,49.0,78.0,72.0,72.0,4
1085,26,190,88,Brazil,77,10000000,11000,Left,1,LCB,45.0,42.0,55.0,77.0,82.0,2
1088,24,185,80,Argentina,77,10000000,41000,Right,1,RDM,50.0,52.0,63.0,77.0,79.0,2
1096,26,186,80,England,77,9500000,65000,Right,1,CB,47.0,59.0,65.0,78.0,74.0,2
1102,26,187,81,Portugal,77,11000000,17000,Left,1,SUB,67.0,76.0,73.0,44.0,79.0,3
1105,26,185,69,France,77,10500000,32000,Right,1,RCM,73.0,67.0,77.0,67.0,73.0,4
1106,27,184,80,England,77,10000000,40000,Right,2,LCM,62.0,72.0,72.0,62.0,74.0,3
1113,28,186,79,Argentina,77,8500000,30000,Left,2,LCB,62.0,50.0,65.0,76.0,76.0,2
1116,29,185,86,Spain,77,8500000,23000,Right,1,SUB,32.0,33.0,49.0,77.0,79.0,2
1118,28,188,86,Brazil,77,8500000,31000,Right,1,LCB,58.0,52.0,59.0,79.0,77.0,2
1119,26,182,76,France,77,9000000,61000,Left,2,SUB,73.0,68.0,77.0,74.0,73.0,4
1123,27,185,73,Spain,77,10500000,36000,Right,1,SUB,81.0,76.0,76.0,41.0,67.0,3
1127,26,180,76,Argentina,77,10500000,45000,Right,1,LW,80.0,72.0,82.0,48.0,71.0,4
1135,34,188,82,Spain,77,3300000,22000,Right,2,LCB,32.0,61.0,57.0,77.0,81.0,2
1140,33,175,65,England,77,4000000,85000,Right,2,SUB,70.0,66.0,75.0,73.0,71.0,4
1141,35,195,89,Argentina,77,2700000,11000,Right,2,CB,33.0,59.0,45.0,76.0,84.0,2
1142,35,174,72,Argentina,77,4100000,18000,Right,2,SUB,60.0,76.0,75.0,37.0,69.0,3
1145,32,186,82,Spain,77,6000000,22000,Right,2,SUB,50.0,62.0,68.0,76.0,82.0,3
1148,34,173,75,England,77,4700000,11000,Right,1,SUB,71.0,76.0,71.0,43.0,69.0,3
1149,33,193,88,England,77,4200000,47000,Right,3,SUB,41.0,58.0,57.0,78.0,74.0,2
1150,30,176,68,England,77,8500000,71000,Right,3,SUB,87.0,72.0,79.0,39.0,61.0,3
1151,35,185,76,Brazil,77,2700000,21000,Right,2,RCB,48.0,40.0,52.0,80.0,63.0,2
1152,34,177,73,Argentina,77,4700000,26000,Right,2,SUB,73.0,80.0,80.0,35.0,66.0,4
1155,35,183,80,England,77,4100000,39000,Right,1,ST,31.0,78.0,67.0,42.0,72.0,2
1158,30,183,79,Belgium,77,8000000,23000,Right,2,RCM,56.0,73.0,74.0,69.0,79.0,3
1162,29,185,75,France,77,7500000,68000,Right,2,SUB,56.0,60.0,71.0,75.0,76.0,3
1163,33,180,79,Portugal,77,5000000,19000,Left,3,LCM,49.0,70.0,75.0,64.0,65.0,3
1167,32,185,82,France,77,7000000,41000,Right,2,SUB,74.0,77.0,73.0,37.0,68.0,4
1169,32,190,90,France,77,5500000,17000,Right,2,SUB,57.0,33.0,54.0,79.0,79.0,2
1172,29,174,78,England,77,7500000,68000,Left,2,SUB,69.0,70.0,79.0,73.0,74.0,3
1179,30,173,70,France,77,8500000,10000,Left,2,SUB,84.0,76.0,78.0,48.0,66.0,4
1180,30,187,72,Brazil,77,8500000,13000,Right,1,ST,73.0,76.0,71.0,34.0,74.0,3
1181,30,180,78,Brazil,77,7500000,1000,Right,1,RES,74.0,70.0,76.0,74.0,72.0,3
1185,31,185,79,Brazil,77,6500000,14000,Right,1,CDM,62.0,67.0,73.0,73.0,77.0,3
1188,31,183,75,Argentina,77,8000000,26000,Right,2,RS,70.0,77.0,81.0,31.0,67.0,4
1190,29,178,80,Argentina,77,9000000,11000,Right,1,ST,78.0,76.0,76.0,30.0,72.0,4
1192,29,174,73,England,77,8500000,38000,Right,1,RCM,60.0,60.0,74.0,74.0,76.0,3
1194,31,174,72,Spain,77,7500000,28000,Right,1,SUB,55.0,63.0,73.0,75.0,66.0,3
1198,29,184,75,Brazil,77,9000000,20000,Right,1,LS,79.0,76.0,74.0,40.0,76.0,4
1200,29,184,74,Brazil,77,8500000,41000,Right,2,SUB,70.0,77.0,73.0,61.0,74.0,3
1201,34,168,71,Argentina,77,4700000,17000,Right,1,ST,67.0,79.0,79.0,27.0,66.0,4
1206,28,187,82,Brazil,77,9000000,16000,Right,1,RCM,58.0,73.0,71.0,71.0,81.0,3
1207,29,182,70,France,77,8500000,31000,Right,2,CM,62.0,69.0,75.0,68.0,73.0,4
1209,28,184,81,Argentina,77,9000000,47000,Right,2,ST,76.0,74.0,74.0,43.0,78.0,3
1211,30,178,73,Spain,77,8500000,27000,Right,2,ST,77.0,78.0,78.0,43.0,69.0,3
1212,30,180,73,Spain,77,8500000,27000,Left,2,RS,72.0,78.0,77.0,32.0,68.0,4
1213,29,174,67,Portugal,77,8500000,13000,Right,2,RCM,69.0,71.0,78.0,71.0,68.0,3
1216,32,178,76,Spain,77,5500000,22000,Right,1,RCB,59.0,56.0,67.0,75.0,76.0,2
1222,28,174,74,France,77,9000000,23000,Left,1,SUB,73.0,67.0,76.0,67.0,75.0,4
1223,31,185,71,Portugal,77,6500000,13000,Right,1,SUB,58.0,37.0,53.0,79.0,74.0,2
1226,30,182,78,Argentina,77,8000000,33000,Right,2,SUB,71.0,67.0,80.0,64.0,66.0,4
1230,30,178,74,Brazil,77,7000000,54000,Left,2,SUB,77.0,57.0,73.0,76.0,75.0,3
1231,28,179,74,Spain,77,9000000,28000,Right,2,SUB,76.0,78.0,74.0,41.0,69.0,3
1239,33,175,80,Argentina,77,5000000,22000,Right,1,RCM,63.0,68.0,74.0,70.0,80.0,3
1241,29,188,87,Argentina,77,7500000,47000,Left,1,RCB,52.0,32.0,58.0,78.0,80.0,2
1243,29,177,93,Argentina,77,9000000,27000,Right,1,SUB,67.0,75.0,71.0,31.0,82.0,3
1244,28,184,77,Spain,77,9000000,24000,Left,1,RS,76.0,77.0,77.0,30.0,77.0,3
1245,31,186,73,Brazil,77,6500000,26000,Left,1,LB,82.0,67.0,71.0,74.0,86.0,3
1246,31,189,84,Brazil,77,6500000,34000,Right,1,RCB,61.0,39.0,54.0,78.0,83.0,2
1247,31,178,71,Brazil,77,8000000,35000,Right,1,CAM,80.0,68.0,77.0,36.0,63.0,4
1248,27,178,72,Brazil,77,9500000,26000,Right,1,LS,81.0,77.0,73.0,24.0,64.0,3
1254,19,171,69,England,76,16500000,52000,Left,1,SUB,74.0,64.0,79.0,55.0,55.0,4
1256,18,174,64,Brazil,76,14000000,47000,Right,1,RES,85.0,72.0,80.0,29.0,57.0,4
1258,19,184,73,Portugal,76,12000000,6000,Right,1,SUB,65.0,44.0,68.0,76.0,73.0,3
1263,21,174,78,England,76,12500000,32000,Right,1,SUB,82.0,74.0,83.0,28.0,61.0,3
1268,20,176,70,Argentina,76,12500000,17000,Right,1,SUB,71.0,75.0,74.0,56.0,62.0,3
1272,23,185,80,Belgium,76,12000000,40000,Right,1,LM,82.0,56.0,75.0,73.0,68.0,3
1273,22,179,67,Spain,76,11500000,20000,Right,1,SUB,56.0,68.0,74.0,65.0,55.0,4
1276,21,180,73,Spain,76,12000000,81000,Left,1,SUB,75.0,68.0,78.0,61.0,62.0,4
1278,20,181,71,Portugal,76,12000000,10000,Right,1,RES,79.0,70.0,76.0,71.0,77.0,3
1296,22,184,73,France,76,11500000,53000,Right,1,SUB,82.0,76.0,75.0,34.0,64.0,4
1299,24,185,79,England,76,10000000,29000,Right,1,CM,58.0,55.0,68.0,74.0,76.0,2
1305,23,189,75,England,76,10000000,52000,Right,1,SUB,60.0,34.0,64.0,77.0,73.0,2
1307,21,180,73,France,76,11000000,8000,Left,1,CAM,78.0,69.0,79.0,62.0,64.0,4
1311,22,183,77,Argentina,76,10000000,16000,Right,1,RCB,65.0,34.0,57.0,76.0,77.0,2
1314,24,194,83,Belgium,76,9500000,40000,Right,2,RCB,60.0,44.0,56.0,75.0,76.0,2
1315,23,176,64,Belgium,76,10500000,15000,Left,1,SUB,82.0,68.0,82.0,26.0,55.0,4
1318,24,178,70,France,76,9500000,40000,Right,1,SUB,73.0,47.0,68.0,76.0,75.0,3
1320,24,171,63,Spain,76,10500000,17000,Right,1,LM,79.0,64.0,83.0,52.0,49.0,4
1321,24,187,73,Brazil,76,10500000,12000,Right,1,SUB,72.0,68.0,74.0,71.0,77.0,3
1323,22,168,70,Argentina,76,9500000,21000,Right,1,RCM,70.0,46.0,66.0,77.0,76.0,2
1327,25,181,78,Belgium,76,10000000,63000,Right,2,SUB,69.0,70.0,78.0,61.0,64.0,4
1331,24,184,79,Portugal,76,10500000,31000,Right,1,SUB,64.0,76.0,77.0,33.0,77.0,4
1333,25,187,83,France,76,9000000,1000,Right,1,RCB,65.0,29.0,58.0,76.0,79.0,2
1336,23,180,75,Spain,76,9000000,18000,Left,1,LB,68.0,36.0,67.0,77.0,70.0,2
1341,24,186,83,Portugal,76,9500000,27000,Right,1,SUB,62.0,58.0,74.0,70.0,75.0,4
1342,24,172,67,Belgium,76,10000000,25000,Right,1,LM,91.0,72.0,79.0,26.0,56.0,3
1345,24,169,63,Brazil,76,10000000,8000,Left,1,LCM,70.0,70.0,77.0,31.0,46.0,4
1349,25,173,72,Argentina,76,10000000,20000,Right,1,LCM,77.0,71.0,79.0,49.0,59.0,4
1352,25,161,61,Argentina,76,10000000,9000,Right,1,LM,81.0,67.0,80.0,46.0,61.0,5
1359,26,175,71,England,76,9500000,34000,Right,1,SUB,78.0,69.0,79.0,50.0,57.0,3
1362,25,185,70,England,76,8500000,29000,Left,1,SUB,71.0,54.0,74.0,75.0,76.0,3
1365,26,174,70,Brazil,76,9500000,15000,Left,1,RM,80.0,69.0,77.0,51.0,67.0,4
1376,25,165,62,Argentina,76,9500000,13000,Left,2,RES,92.0,65.0,84.0,50.0,51.0,4
1377,24,185,79,France,76,8500000,18000,Right,1,RCB,60.0,48.0,55.0,75.0,79.0,2
1381,25,181,70,Brazil,76,8500000,45000,Left,1,LM,91.0,58.0,76.0,72.0,71.0,3
1383,27,188,83,Brazil,76,8500000,13000,Left,1,LCB,66.0,39.0,53.0,77.0,77.0,2
1387,28,187,84,France,76,8000000,30000,Left,2,SUB,61.0,42.0,51.0,74.0,79.0,2
1397,27,185,75,France,76,8000000,55000,Left,2,RES,77.0,37.0,60.0,76.0,79.0,2
1401,26,178,73,England,76,9000000,53000,Right,1,RS,75.0,74.0,76.0,32.0,66.0,3
1411,26,171,65,Spain,76,8000000,27000,Left,2,LB,85.0,65.0,78.0,70.0,70.0,3
1413,28,179,76,Brazil,76,7500000,1000,Right,1,RDM,67.0,64.0,69.0,72.0,78.0,3
1414,27,187,82,Portugal,76,8000000,21000,Right,1,SUB,63.0,35.0,61.0,76.0,75.0,2
1415,25,188,83,Brazil,76,9500000,14000,Right,1,ST,54.0,78.0,69.0,30.0,81.0,3
1416,26,173,68,Portugal,76,8000000,13000,Right,1,SUB,74.0,66.0,80.0,70.0,68.0,4
1420,28,177,68,Argentina,76,7500000,14000,Right,1,SUB,78.0,72.0,77.0,72.0,78.0,4
1423,36,180,87,England,76,1600000,22000,Right,2,SUB,46.0,44.0,52.0,77.0,65.0,2
1431,37,174,71,Argentina,76,1700000,15000,Right,2,SUB,44.0,59.0,68.0,77.0,72.0,3
1433,35,177,77,Argentina,76,3200000,12000,Left,1,LCM,61.0,76.0,77.0,51.0,60.0,4
1437,34,180,74,Spain,76,4100000,23000,Right,3,ST,57.0,77.0,72.0,43.0,68.0,3
1438,36,174,71,Spain,76,2600000,7000,Right,2,CAM,63.0,72.0,80.0,44.0,58.0,4
1440,32,177,76,England,76,6000000,66000,Right,2,RCM,41.0,67.0,73.0,72.0,70.0,3
1441,38,185,82,Argentina,76,2800000,16000,Right,1,ST,46.0,79.0,65.0,36.0,74.0,3
1443,37,176,70,Argentina,76,2800000,25000,Right,2,ST,74.0,71.0,82.0,46.0,65.0,4
1449,33,184,81,Brazil,76,3500000,1000,Right,1,RB,84.0,69.0,75.0,72.0,76.0,4
1457,34,173,75,Argentina,76,3900000,9000,Right,1,CAM,56.0,71.0,74.0,49.0,61.0,3
1461,30,184,75,England,76,7000000,34000,Right,2,LCM,47.0,62.0,71.0,76.0,80.0,3
1465,33,185,80,Argentina,76,3600000,22000,Right,1,CB,45.0,37.0,50.0,75.0,80.0,2
1466,32,186,79,France,76,6000000,26000,Right,1,SUB,56.0,70.0,76.0,68.0,65.0,4
1474,35,170,67,Brazil,76,3400000,26000,Right,1,CAM,70.0,72.0,78.0,45.0,60.0,4
1475,31,194,85,Belgium,76,6500000,20000,Right,3,LDM,42.0,71.0,69.0,76.0,88.0,3
1478,33,172,70,Portugal,76,3500000,1000,Right,2,SUB,77.0,77.0,81.0,70.0,64.0,4
1482,32,183,79,France,76,6000000,23000,Left,2,LCM,55.0,69.0,71.0,71.0,73.0,3
1484,34,173,66,Spain,76,3900000,57000,Right,2,RM,70.0,73.0,78.0,46.0,60.0,4
1493,29,175,74,England,76,7500000,69000,Right,2,SUB,70.0,68.0,77.0,59.0,69.0,3
1496,32,158,56,Argentina,76,6000000,9000,Right,2,LCM,73.0,71.0,77.0,52.0,50.0,4
1497,32,179,76,Argentina,76,4900000,27000,Right,2,LCB,61.0,53.0,64.0,77.0,71.0,2
1500,33,187,82,Argentina,76,3600000,35000,Right,1,LCB,46.0,46.0,59.0,74.0,82.0,2
1509,30,184,76,Spain,76,6000000,18000,Right,1,RCB,52.0,52.0,59.0,76.0,78.0,2
1512,28,182,76,Spain,76,7500000,24000,Left,1,SUB,69.0,76.0,81.0,54.0,69.0,4
1513,31,169,67,Argentina,76,7000000,21000,Right,1,LW,92.0,70.0,79.0,45.0,63.0,4
1514,29,174,69,Portugal,76,6500000,14000,Right,1,RB,84.0,65.0,78.0,71.0,65.0,4
1519,30,187,78,Spain,76,7000000,26000,Right,2,SUB,44.0,63.0,67.0,76.0,69.0,3
1522,28,174,61,Spain,76,6500000,53000,Right,1,RB,75.0,58.0,79.0,73.0,68.0,3
1524,30,178,73,Spain,76,6500000,26000,Right,1,CM,40.0,56.0,65.0,73.0,74.0,2
1526,31,168,68,Argentina,76,7000000,9000,Right,1,LM,76.0,74.0,78.0,33.0,70.0,3
1533,30,173,70,Brazil,76,6000000,32000,Right,2,RB,80.0,56.0,76.0,72.0,65.0,3
1535,32,178,76,France,76,6000000,30000,Right,2,RM,67.0,73.0,78.0,42.0,63.0,3
1540,28,180,78,England,76,8000000,63000,Right,1,SUB,86.0,75.0,73.0,30.0,72.0,3
1550,28,188,84,Belgium,76,7000000,25000,Right,1,SUB,68.0,30.0,60.0,74.0,85.0,2
1555,27,184,73,Brazil,76,8000000,33000,Right,1,LS,72.0,75.0,75.0,40.0,67.0,4
1561,32,187,81,Argentina,76,6000000,26000,Right,1,SUB,59.0,78.0,68.0,45.0,77.0,3
1571,29,179,69,Spain,76,6500000,22000,Left,1,LB,84.0,64.0,76.0,71.0,68.0,3
1573,28,174,78,England,76,8000000,42000,Right,1,RES,81.0,77.0,72.0,28.0,61.0,3
1580,30,175,65,Argentina,76,7500000,28000,Left,2,SUB,81.0,72.0,77.0,40.0,58.0,4
1584,30,175,70,Argentina,76,7500000,24000,Left,2,LCM,75.0,72.0,74.0,62.0,71.0,4
1585,28,184,79,Portugal,76,6500000,14000,Left,1,LB,70.0,59.0,70.0,74.0,75.0,3
1593,31,175,71,Brazil,76,5500000,25000,Right,1,RB,76.0,48.0,75.0,74.0,70.0,3
1594,31,192,91,Brazil,76,5500000,13000,Right,1,RCB,47.0,46.0,53.0,75.0,79.0,2
1595,27,188,78,Brazil,76,7000000,30000,Right,1,RCB,58.0,50.0,49.0,76.0,79.0,2
1596,27,177,78,Brazil,76,7000000,13000,Right,1,RDM,74.0,64.0,70.0,74.0,78.0,2
1603,31,180,71,Brazil,76,7000000,30000,Left,1,ST,76.0,76.0,73.0,30.0,64.0,3
1604,31,188,84,Brazil,76,5500000,13000,Right,1,RCB,55.0,40.0,59.0,77.0,76.0,2
1607,28,177,63,Brazil,76,8000000,12000,Right,1,LM,76.0,72.0,78.0,41.0,69.0,4
1617,21,179,73,Argentina,75,12000000,11000,Right,1,LCM,79.0,63.0,74.0,70.0,78.0,3
1618,20,178,64,England,75,11500000,57000,Right,1,LCM,71.0,68.0,76.0,46.0,53.0,3
1619,19,178,71,England,75,11000000,38000,Left,1,SUB,87.0,67.0,75.0,64.0,62.0,4
1620,20,185,68,France,75,11500000,46000,Right,1,SUB,71.0,62.0,73.0,69.0,74.0,3
1625,22,167,72,Spain,75,11500000,28000,Right,1,RES,77.0,76.0,77.0,40.0,62.0,3
1626,20,188,81,Portugal,75,11500000,27000,Right,1,SUB,87.0,72.0,75.0,27.0,71.0,4
1631,20,183,76,Portugal,75,10000000,54000,Right,1,SUB,80.0,60.0,77.0,70.0,77.0,3
1632,21,174,66,England,75,11000000,52000,Right,1,SUB,78.0,69.0,76.0,45.0,57.0,3
1635,19,180,72,Spain,75,10500000,17000,Right,1,SUB,78.0,69.0,76.0,32.0,57.0,3
1639,21,177,71,England,75,9500000,41000,Right,1,RB,85.0,59.0,76.0,68.0,67.0,4
1642,21,176,70,Portugal,75,10000000,51000,Right,3,SUB,76.0,72.0,77.0,70.0,82.0,3
1648,22,178,67,Brazil,75,10500000,9000,Left,1,RW,81.0,67.0,80.0,40.0,60.0,4
1656,23,175,70,Brazil,75,10000000,29000,Left,1,SUB,89.0,63.0,79.0,38.0,52.0,3
1664,23,182,77,Brazil,75,9500000,67000,Left,1,RES,76.0,67.0,78.0,57.0,61.0,4
1676,21,187,77,Belgium,75,9500000,21000,Left,1,SUB,86.0,74.0,78.0,28.0,62.0,4
1677,22,185,79,France,75,9500000,23000,Left,1,RM,76.0,73.0,74.0,32.0,68.0,3
1684,22,180,67,Belgium,75,9500000,20000,Right,1,SUB,74.0,75.0,76.0,48.0,70.0,3
1689,24,171,75,France,75,9500000,25000,Right,1,SUB,77.0,74.0,78.0,29.0,55.0,3
1693,22,178,78,Argentina,75,9500000,1000,Right,1,LM,77.0,73.0,73.0,40.0,69.0,3
1697,23,172,63,Brazil,75,9000000,29000,Left,1,SUB,72.0,73.0,78.0,44.0,49.0,3
1698,23,170,58,Brazil,75,9000000,21000,Right,1,RM,88.0,66.0,78.0,40.0,54.0,3
1699,23,178,72,England,75,8500000,43000,Right,1,CDM,67.0,66.0,68.0,72.0,83.0,3
1700,22,184,75,England,75,8000000,49000,Right,1,SUB,70.0,42.0,66.0,76.0,71.0,3
1703,23,190,82,France,75,8000000,20000,Left,1,RCB,72.0,39.0,64.0,74.0,79.0,2
1704,24,184,81,Argentina,75,9000000,17000,Right,1,SUB,83.0,65.0,72.0,38.0,66.0,3
1711,22,182,89,France,75,8000000,12000,Right,1,SUB,62.0,33.0,58.0,73.0,78.0,2
1717,24,175,67,Spain,75,8500000,9000,Right,1,RCM,71.0,60.0,72.0,69.0,72.0,3
1719,25,188,88,France,75,8500000,18000,Right,1,LDM,66.0,67.0,73.0,68.0,77.0,3
1721,24,183,73,England,75,8000000,49000,Right,1,SUB,63.0,49.0,68.0,74.0,76.0,2
1727,24,176,71,England,75,8000000,21000,Right,1,RDM,70.0,50.0,71.0,72.0,85.0,3
1729,23,180,74,England,75,9000000,60000,Right,1,SUB,88.0,67.0,81.0,37.0,55.0,4
1734,23,183,76,Brazil,75,9000000,25000,Right,1,LCM,67.0,66.0,72.0,74.0,75.0,3
1738,23,184,78,France,75,9000000,21000,Right,2,RES,87.0,69.0,77.0,41.0,59.0,3
1740,25,172,81,Argentina,75,9000000,29000,Left,1,ST,78.0,76.0,74.0,43.0,75.0,3
1748,23,185,81,Brazil,75,8000000,42000,Left,1,RCB,59.0,32.0,55.0,75.0,74.0,2
1753,25,188,83,Brazil,75,7500000,19000,Right,1,SUB,58.0,32.0,52.0,75.0,76.0,2
1755,24,167,64,Spain,75,8500000,17000,Left,1,CAM,75.0,66.0,77.0,49.0,52.0,4
1778,26,186,77,France,75,8000000,32000,Left,1,RES,68.0,60.0,78.0,60.0,75.0,4
1780,27,183,74,Spain,75,7500000,20000,Right,1,RDM,64.0,66.0,68.0,70.0,78.0,3
1781,27,185,80,Argentina,75,7000000,8000,Right,1,LCB,72.0,48.0,66.0,73.0,78.0,2
1785,26,182,77,Argentina,75,7500000,20000,Right,1,SUB,66.0,58.0,72.0,70.0,77.0,3
1789,24,180,77,England,75,8500000,36000,Left,1,LWB,77.0,68.0,77.0,50.0,60.0,3
1794,25,188,84,France,75,7500000,21000,Right,1,RCM,47.0,56.0,63.0,74.0,80.0,3
1801,25,176,71,Spain,75,8000000,28000,Right,1,SUB,60.0,68.0,72.0,63.0,54.0,3
1805,25,169,70,Argentina,75,7500000,17000,Right,1,LCM,78.0,63.0,76.0,69.0,69.0,3
1806,24,178,65,Spain,75,8500000,26000,Right,1,RES,77.0,73.0,77.0,45.0,64.0,3
1807,26,179,68,Spain,75,7000000,8000,Left,1,LB,81.0,63.0,76.0,68.0,55.0,3
1816,25,183,77,Portugal,75,8000000,13000,Right,1,SUB,66.0,76.0,77.0,49.0,67.0,4
1829,27,182,78,Brazil,75,7000000,30000,Right,1,RCB,47.0,60.0,65.0,75.0,74.0,2
1839,28,188,88,Belgium,75,6500000,15000,Right,1,RCB,51.0,41.0,38.0,75.0,81.0,2
1845,27,182,75,England,75,6500000,42000,Right,1,RB,86.0,67.0,76.0,68.0,79.0,3
1850,26,178,72,Spain,75,8000000,64000,Right,2,RES,80.0,71.0,78.0,25.0,62.0,4
1852,27,177,65,France,75,6500000,28000,Right,1,SUB,82.0,66.0,74.0,71.0,71.0,3
1863,26,170,65,Spain,75,8000000,9000,Left,2,LCM,65.0,68.0,77.0,39.0,55.0,4
1864,27,178,75,Argentina,75,7500000,24000,Right,1,CAM,72.0,70.0,76.0,65.0,70.0,3
1873,26,178,72,England,75,8000000,40000,Left,1,RM,84.0,67.0,79.0,49.0,56.0,4
1875,26,177,72,Spain,75,8000000,11000,Right,1,LM,74.0,75.0,75.0,46.0,64.0,3
1883,33,180,72,Spain,75,4200000,38000,Right,2,SUB,58.0,78.0,78.0,32.0,66.0,4
1884,34,181,75,France,75,3200000,18000,Right,2,RCM,50.0,59.0,72.0,69.0,71.0,3
1894,34,178,74,Argentina,75,2300000,57000,Right,3,SUB,49.0,56.0,71.0,79.0,70.0,3
1903,32,188,78,England,75,4300000,42000,Right,2,LCB,32.0,40.0,47.0,76.0,65.0,2
1907,33,188,75,Belgium,75,3200000,12000,Right,1,LDM,55.0,68.0,67.0,74.0,82.0,3
1908,34,170,70,England,75,2300000,57000,Left,3,SUB,56.0,68.0,75.0,76.0,59.0,3
1913,33,184,76,Argentina,75,3100000,19000,Right,2,RCB,33.0,33.0,55.0,76.0,73.0,2
1916,34,174,70,Argentina,75,2600000,18000,Right,1,CDM,51.0,61.0,69.0,74.0,71.0,3
1919,32,183,76,Spain,75,4100000,20000,Right,1,SUB,70.0,52.0,70.0,73.0,74.0,3
1923,31,161,57,Argentina,75,6000000,13000,Left,2,SUB,84.0,67.0,79.0,30.0,39.0,4
1927,32,179,73,Argentina,75,4400000,13000,Right,1,CDM,52.0,51.0,65.0,74.0,76.0,2
1932,31,175,73,Belgium,75,5500000,19000,Right,2,SUB,58.0,66.0,74.0,70.0,68.0,3
1950,30,193,79,England,75,6500000,39000,Left,2,RES,44.0,77.0,67.0,44.0,80.0,2
1956,30,176,73,England,75,5500000,30000,Right,1,CDM,67.0,55.0,68.0,75.0,79.0,3
1959,28,190,83,Belgium,75,7000000,52000,Right,3,RS,58.0,74.0,65.0,32.0,72.0,2
1960,31,193,84,France,75,4900000,20000,Left,2,LCB,45.0,33.0,47.0,76.0,72.0,2
1969,29,179,70,England,75,5500000,38000,Left,2,LB,77.0,56.0,73.0,73.0,71.0,3
1986,30,190,81,Brazil,75,6500000,30000,Right,1,SUB,70.0,75.0,68.0,31.0,77.0,3
1990,29,183,76,England,75,6500000,55000,Right,1,SUB,75.0,70.0,75.0,36.0,55.0,3
1993,31,190,81,Portugal,75,6000000,1000,Right,2,SUB,76.0,73.0,67.0,41.0,79.0,3
1994,29,175,67,Spain,75,6500000,24000,Left,1,SUB,74.0,75.0,73.0,43.0,66.0,3
1996,28,177,76,France,75,6500000,10000,Left,2,RES,87.0,73.0,76.0,40.0,64.0,4
2002,30,185,74,Spain,75,5500000,23000,Left,1,LB,71.0,51.0,72.0,73.0,75.0,3
2006,30,186,77,France,75,6000000,18000,Left,1,SUB,65.0,72.0,73.0,72.0,75.0,3
2011,30,188,80,France,75,6500000,20000,Right,2,LS,46.0,74.0,74.0,35.0,72.0,3
2013,30,187,76,France,75,5500000,32000,Right,3,RES,52.0,61.0,69.0,75.0,75.0,3
2019,33,174,67,Portugal,75,4000000,7000,Right,1,CAM,67.0,71.0,77.0,61.0,62.0,4
2021,32,173,79,Brazil,75,5000000,21000,Left,2,LW,78.0,71.0,73.0,24.0,69.0,4
2024,28,175,72,Spain,75,6500000,11000,Right,1,LM,79.0,70.0,76.0,58.0,65.0,3
2025,29,188,82,England,75,5500000,51000,Right,2,RCB,62.0,43.0,60.0,75.0,77.0,2
2026,31,177,70,Portugal,75,4800000,19000,Left,1,LB,82.0,60.0,76.0,70.0,70.0,3
2028,33,180,76,Spain,75,3000000,23000,Right,1,RB,66.0,53.0,70.0,71.0,72.0,3
2029,29,188,84,England,75,6500000,45000,Right,1,SUB,52.0,77.0,68.0,37.0,69.0,2
2033,28,178,68,Brazil,75,7000000,1000,Right,1,RS,82.0,75.0,77.0,29.0,66.0,3
2040,30,181,78,England,75,5500000,29000,Right,1,RB,67.0,61.0,73.0,75.0,74.0,2
2043,29,181,76,Argentina,75,6500000,22000,Right,1,SUB,61.0,76.0,70.0,38.0,67.0,3
2044,28,174,70,Brazil,75,6500000,15000,Left,1,CAM,91.0,66.0,77.0,51.0,65.0,4
2051,27,181,73,France,75,7000000,47000,Right,2,SUB,69.0,72.0,76.0,43.0,63.0,3
2052,28,183,74,Spain,75,6500000,28000,Right,1,SUB,40.0,67.0,72.0,72.0,71.0,3
2061,29,180,73,France,75,6500000,35000,Right,2,SUB,75.0,75.0,73.0,38.0,67.0,3
2064,31,192,89,Brazil,75,4900000,13000,Right,2,RCB,33.0,35.0,51.0,75.0,82.0,2
2068,30,183,75,Spain,75,5500000,10000,Right,1,RCB,67.0,49.0,64.0,75.0,74.0,2
2069,32,182,81,Argentina,75,5000000,13000,Left,1,RCM,57.0,68.0,72.0,67.0,77.0,3
2070,27,179,76,Brazil,75,6000000,22000,Left,1,SUB,73.0,57.0,73.0,71.0,71.0,3
2072,28,182,72,Spain,75,6500000,20000,Left,1,RM,81.0,70.0,76.0,54.0,69.0,3
2079,27,176,69,Argentina,75,7000000,20000,Right,1,RM,90.0,63.0,75.0,56.0,75.0,3
2081,32,178,68,Argentina,75,4100000,34000,Left,1,SUB,83.0,63.0,72.0,72.0,75.0,3
2082,27,170,69,Argentina,75,7000000,20000,Right,1,SUB,89.0,70.0,78.0,36.0,65.0,3
2083,27,178,69,Portugal,75,7000000,22000,Left,2,RW,92.0,68.0,80.0,29.0,56.0,4
2086,30,185,78,Spain,75,5500000,20000,Right,1,SUB,57.0,43.0,57.0,76.0,76.0,2
2088,30,183,76,Argentina,75,5500000,13000,Right,1,RCB,57.0,35.0,59.0,76.0,75.0,2
2089,29,187,88,Argentina,75,6500000,23000,Right,1,LS,56.0,75.0,66.0,39.0,79.0,3
2090,30,170,76,Argentina,75,5500000,20000,Right,1,RB,87.0,62.0,73.0,69.0,81.0,3
2091,28,191,87,Argentina,75,7000000,52000,Right,1,RES,54.0,75.0,71.0,39.0,75.0,3
2098,30,175,70,Spain,75,6000000,11000,Left,1,LCM,61.0,72.0,71.0,65.0,67.0,3
2100,27,188,83,Argentina,75,7000000,15000,Left,1,RCM,62.0,62.0,76.0,66.0,81.0,4
2103,31,185,85,Brazil,75,4900000,13000,Left,1,RCB,60.0,50.0,59.0,73.0,77.0,2
2104,27,179,80,Brazil,75,6000000,23000,Right,1,LCB,59.0,50.0,51.0,75.0,74.0,2
2105,27,178,75,Brazil,75,6000000,13000,Left,1,RDM,72.0,57.0,75.0,76.0,69.0,2
2106,27,178,75,Brazil,75,7000000,17000,Left,1,CAM,76.0,63.0,76.0,34.0,59.0,4
2112,27,175,72,Brazil,75,7000000,22000,Left,1,CAM,67.0,69.0,77.0,35.0,51.0,4
2114,27,177,71,Brazil,75,7000000,14000,Right,1,CAM,70.0,73.0,75.0,26.0,63.0,4
2115,27,176,72,Brazil,75,7000000,33000,Right,1,CAM,81.0,71.0,75.0,32.0,55.0,3
2116,27,187,81,Brazil,75,7000000,29000,Right,1,RS,69.0,75.0,71.0,38.0,76.0,3
2123,18,177,75,England,74,11500000,31000,Right,1,SUB,85.0,64.0,81.0,30.0,60.0,4
